Time,Relative Humidity(%),Temperature(F)
2020-01-01 00:00:00,,
2020-01-01 01:00:00,,
2020-01-01 02:00:00,,
2020-01-01 03:00:00,,
2020-01-01 04:00:00,,
2020-01-01 05:00:00,,
2020-01-01 06:00:00,,
2020-01-01 07:00:00,,
2020-01-01 08:00:00,,
2020-01-01 09:00:00,,
2020-01-01 10:00:00,,
2020-01-01 11:00:00,,
2020-01-01 12:00:00,,
2020-01-01 13:00:00,,
2020-01-01 14:00:00,,
2020-01-01 15:00:00,,
2020-01-01 16:00:00,,
2020-01-01 17:00:00,,
2020-01-01 18:00:00,,
2020-01-01 19:00:00,,
2020-01-01 20:00:00,,
2020-01-01 21:00:00,,
2020-01-01 22:00:00,,
2020-01-01 23:00:00,,
2020-01-02 00:00:00,,
2020-01-02 01:00:00,,
2020-01-02 02:00:00,,
2020-01-02 03:00:00,,
2020-01-02 04:00:00,,
2020-01-02 05:00:00,,
2020-01-02 06:00:00,,
2020-01-02 07:00:00,,
2020-01-02 08:00:00,,
2020-01-02 09:00:00,,
2020-01-02 10:00:00,,
2020-01-02 11:00:00,,
2020-01-02 12:00:00,,
2020-01-02 13:00:00,,
2020-01-02 14:00:00,,
2020-01-02 15:00:00,,
2020-01-02 16:00:00,,
2020-01-02 17:00:00,,
2020-01-02 18:00:00,,
2020-01-02 19:00:00,,
2020-01-02 20:00:00,,
2020-01-02 21:00:00,,
2020-01-02 22:00:00,,
2020-01-02 23:00:00,,
2020-01-03 00:00:00,,
2020-01-03 01:00:00,,
2020-01-03 02:00:00,,
2020-01-03 03:00:00,,
2020-01-03 04:00:00,,
2020-01-03 05:00:00,,
2020-01-03 06:00:00,,
2020-01-03 07:00:00,,
2020-01-03 08:00:00,,
2020-01-03 09:00:00,,
2020-01-03 10:00:00,,
2020-01-03 11:00:00,,
2020-01-03 12:00:00,,
2020-01-03 13:00:00,,
2020-01-03 14:00:00,,
2020-01-03 15:00:00,,
2020-01-03 16:00:00,,
2020-01-03 17:00:00,,
2020-01-03 18:00:00,,
2020-01-03 19:00:00,,
2020-01-03 20:00:00,,
2020-01-03 21:00:00,,
2020-01-03 22:00:00,,
2020-01-03 23:00:00,,
2020-01-04 00:00:00,,
2020-01-04 01:00:00,,
2020-01-04 02:00:00,,
2020-01-04 03:00:00,,
2020-01-04 04:00:00,,
2020-01-04 05:00:00,,
2020-01-04 06:00:00,,
2020-01-04 07:00:00,,
2020-01-04 08:00:00,,
2020-01-04 09:00:00,,
2020-01-04 10:00:00,,
2020-01-04 11:00:00,,
2020-01-04 12:00:00,,
2020-01-04 13:00:00,,
2020-01-04 14:00:00,,
2020-01-04 15:00:00,,
2020-01-04 16:00:00,,
2020-01-04 17:00:00,,
2020-01-04 18:00:00,,
2020-01-04 19:00:00,,
2020-01-04 20:00:00,,
2020-01-04 21:00:00,,
2020-01-04 22:00:00,,
2020-01-04 23:00:00,,
2020-01-05 00:00:00,,
2020-01-05 01:00:00,,
2020-01-05 02:00:00,,
2020-01-05 03:00:00,,
2020-01-05 04:00:00,,
2020-01-05 05:00:00,,
2020-01-05 06:00:00,,
2020-01-05 07:00:00,,
2020-01-05 08:00:00,,
2020-01-05 09:00:00,,
2020-01-05 10:00:00,,
2020-01-05 11:00:00,,
2020-01-05 12:00:00,,
2020-01-05 13:00:00,,
2020-01-05 14:00:00,,
2020-01-05 15:00:00,,
2020-01-05 16:00:00,,
2020-01-05 17:00:00,,
2020-01-05 18:00:00,,
2020-01-05 19:00:00,,
2020-01-05 20:00:00,,
2020-01-05 21:00:00,,
2020-01-05 22:00:00,,
2020-01-05 23:00:00,,
2020-01-06 00:00:00,,
2020-01-06 01:00:00,,
2020-01-06 02:00:00,,
2020-01-06 03:00:00,,
2020-01-06 04:00:00,,
2020-01-06 05:00:00,,
2020-01-06 06:00:00,,
2020-01-06 07:00:00,,
2020-01-06 08:00:00,,
2020-01-06 09:00:00,,
2020-01-06 10:00:00,,
2020-01-06 11:00:00,,
2020-01-06 12:00:00,,
2020-01-06 13:00:00,,
2020-01-06 14:00:00,,
2020-01-06 15:00:00,,
2020-01-06 16:00:00,,
2020-01-06 17:00:00,,
2020-01-06 18:00:00,,
2020-01-06 19:00:00,,
2020-01-06 20:00:00,,
2020-01-06 21:00:00,,
2020-01-06 22:00:00,,
2020-01-06 23:00:00,,
2020-01-07 00:00:00,,
2020-01-07 01:00:00,,
2020-01-07 02:00:00,,
2020-01-07 03:00:00,,
2020-01-07 04:00:00,,
2020-01-07 05:00:00,,
2020-01-07 06:00:00,,
2020-01-07 07:00:00,,
2020-01-07 08:00:00,,
2020-01-07 09:00:00,,
2020-01-07 10:00:00,,
2020-01-07 11:00:00,,
2020-01-07 12:00:00,,
2020-01-07 13:00:00,,
2020-01-07 14:00:00,,
2020-01-07 15:00:00,,
2020-01-07 16:00:00,,
2020-01-07 17:00:00,,
2020-01-07 18:00:00,,
2020-01-07 19:00:00,,
2020-01-07 20:00:00,,
2020-01-07 21:00:00,,
2020-01-07 22:00:00,,
2020-01-07 23:00:00,,
2020-01-08 00:00:00,43.6,43.0
2020-01-08 01:00:00,48.0,41.4
2020-01-08 02:00:00,49.8,40.8
2020-01-08 03:00:00,51.9,40.4
2020-01-08 04:00:00,53.1,39.4
2020-01-08 05:00:00,53.9,38.7
2020-01-08 06:00:00,56.0,38.5
2020-01-08 07:00:00,59.1,37.6
2020-01-08 08:00:00,51.1,42.9
2020-01-08 09:00:00,46.1,49.9
2020-01-08 10:00:00,41.3,56.1
2020-01-08 11:00:00,,
2020-01-08 12:00:00,32.3,65.8
2020-01-08 13:00:00,30.9,68.3
2020-01-08 14:00:00,32.5,69.8
2020-01-08 15:00:00,33.1,70.1
2020-01-08 16:00:00,38.6,69.0
2020-01-08 17:00:00,48.9,66.8
2020-01-08 18:00:00,56.5,64.3
2020-01-08 19:00:00,60.3,63.6
2020-01-08 20:00:00,65.9,63.2
2020-01-08 21:00:00,71.3,63.0
2020-01-08 22:00:00,72.5,63.0
2020-01-08 23:00:00,73.9,63.0
2020-01-09 00:00:00,75.7,62.8
2020-01-09 01:00:00,77.5,62.2
2020-01-09 02:00:00,75.3,63.0
2020-01-09 03:00:00,77.3,63.3
2020-01-09 04:00:00,77.1,63.8
2020-01-09 05:00:00,80.6,63.4
2020-01-09 06:00:00,83.2,63.4
2020-01-09 07:00:00,87.1,63.5
2020-01-09 08:00:00,89.0,64.1
2020-01-09 09:00:00,86.4,65.9
2020-01-09 10:00:00,80.2,68.4
2020-01-09 11:00:00,73.9,69.9
2020-01-09 12:00:00,69.4,71.2
2020-01-09 13:00:00,61.2,74.4
2020-01-09 14:00:00,56.0,76.1
2020-01-09 15:00:00,53.5,76.9
2020-01-09 16:00:00,52.8,77.2
2020-01-09 17:00:00,58.6,75.4
2020-01-09 18:00:00,63.2,74.0
2020-01-09 19:00:00,67.7,72.3
2020-01-09 20:00:00,70.3,71.2
2020-01-09 21:00:00,73.2,71.0
2020-01-09 22:00:00,75.1,70.3
2020-01-09 23:00:00,76.8,69.6
2020-01-10 00:00:00,77.6,69.0
2020-01-10 01:00:00,76.5,69.1
2020-01-10 02:00:00,77.5,69.4
2020-01-10 03:00:00,76.0,69.9
2020-01-10 04:00:00,75.0,70.0
2020-01-10 05:00:00,74.0,70.0
2020-01-10 06:00:00,72.0,70.5
2020-01-10 07:00:00,71.4,71.0
2020-01-10 08:00:00,74.4,71.0
2020-01-10 09:00:00,74.4,72.2
2020-01-10 10:00:00,74.2,72.7
2020-01-10 11:00:00,76.9,71.7
2020-01-10 12:00:00,73.4,72.4
2020-01-10 13:00:00,67.6,74.4
2020-01-10 14:00:00,64.9,76.4
2020-01-10 15:00:00,,
2020-01-10 16:00:00,,
2020-01-10 17:00:00,,75.0
2020-01-10 18:00:00,,
2020-01-10 19:00:00,,
2020-01-10 20:00:00,,
2020-01-10 21:00:00,,
2020-01-10 22:00:00,,
2020-01-10 23:00:00,,
2020-01-11 00:00:00,,
2020-01-11 01:00:00,,
2020-01-11 02:00:00,,
2020-01-11 03:00:00,,
2020-01-11 04:00:00,,
2020-01-11 05:00:00,,
2020-01-11 06:00:00,,
2020-01-11 07:00:00,,
2020-01-11 08:00:00,,
2020-01-11 09:00:00,,
2020-01-11 10:00:00,,
2020-01-11 11:00:00,50.1,51.6
2020-01-11 12:00:00,,
2020-01-11 13:00:00,,
2020-01-11 14:00:00,42.6,58.4
2020-01-11 15:00:00,42.0,58.8
2020-01-11 16:00:00,42.5,57.2
2020-01-11 17:00:00,46.4,54.7
2020-01-11 18:00:00,58.8,50.2
2020-01-11 19:00:00,59.1,49.4
2020-01-11 20:00:00,61.3,48.1
2020-01-11 21:00:00,65.0,46.6
2020-01-11 22:00:00,67.6,45.3
2020-01-11 23:00:00,71.9,43.6
2020-01-12 00:00:00,76.8,41.9
2020-01-12 01:00:00,78.4,41.3
2020-01-12 02:00:00,81.3,40.1
2020-01-12 03:00:00,83.1,39.0
2020-01-12 04:00:00,83.3,39.3
2020-01-12 05:00:00,85.1,37.5
2020-01-12 06:00:00,85.4,37.2
2020-01-12 07:00:00,86.6,36.8
2020-01-12 08:00:00,84.3,39.5
2020-01-12 09:00:00,70.6,44.4
2020-01-12 10:00:00,64.2,47.0
2020-01-12 11:00:00,57.7,51.3
2020-01-12 12:00:00,49.1,56.3
2020-01-12 13:00:00,49.4,58.5
2020-01-12 14:00:00,50.1,60.5
2020-01-12 15:00:00,49.5,61.4
2020-01-12 16:00:00,53.0,60.3
2020-01-12 17:00:00,57.1,58.5
2020-01-12 18:00:00,60.5,57.2
2020-01-12 19:00:00,62.7,56.6
2020-01-12 20:00:00,69.6,54.9
2020-01-12 21:00:00,75.8,53.7
2020-01-12 22:00:00,78.0,54.1
2020-01-12 23:00:00,81.5,53.6
2020-01-13 00:00:00,83.6,53.1
2020-01-13 01:00:00,83.7,53.8
2020-01-13 02:00:00,83.8,54.0
2020-01-13 03:00:00,86.6,54.0
2020-01-13 04:00:00,86.6,54.0
2020-01-13 05:00:00,90.6,53.2
2020-01-13 06:00:00,93.3,53.0
2020-01-13 07:00:00,93.5,53.1
2020-01-13 08:00:00,92.9,53.8
2020-01-13 09:00:00,92.9,54.2
2020-01-13 10:00:00,92.7,54.9
2020-01-13 11:00:00,92.2,56.0
2020-01-13 12:00:00,87.7,57.8
2020-01-13 13:00:00,89.4,58.5
2020-01-13 14:00:00,88.2,59.6
2020-01-13 15:00:00,88.5,59.6
2020-01-13 16:00:00,91.6,59.5
2020-01-13 17:00:00,90.6,60.0
2020-01-13 18:00:00,91.9,60.0
2020-01-13 19:00:00,92.4,60.0
2020-01-13 20:00:00,93.5,60.0
2020-01-13 21:00:00,93.5,60.0
2020-01-13 22:00:00,93.5,60.0
2020-01-13 23:00:00,93.5,60.0
2020-01-14 00:00:00,93.5,60.0
2020-01-14 01:00:00,93.5,60.0
2020-01-14 02:00:00,92.8,60.2
2020-01-14 03:00:00,91.0,60.9
2020-01-14 04:00:00,93.1,61.0
2020-01-14 05:00:00,93.5,61.0
2020-01-14 06:00:00,93.5,61.0
2020-01-14 07:00:00,93.5,61.0
2020-01-14 08:00:00,92.9,61.5
2020-01-14 09:00:00,92.5,63.0
2020-01-14 10:00:00,92.6,64.5
2020-01-14 11:00:00,88.8,66.7
2020-01-14 12:00:00,82.7,69.6
2020-01-14 13:00:00,74.8,73.3
2020-01-14 14:00:00,71.4,75.7
2020-01-14 15:00:00,71.2,75.5
2020-01-14 16:00:00,71.4,75.5
2020-01-14 17:00:00,76.9,73.7
2020-01-14 18:00:00,83.6,71.1
2020-01-14 19:00:00,86.8,69.2
2020-01-14 20:00:00,88.8,68.1
2020-01-14 21:00:00,89.9,67.9
2020-01-14 22:00:00,90.2,69.0
2020-01-14 23:00:00,89.6,69.9
2020-01-15 00:00:00,91.1,69.8
2020-01-15 01:00:00,93.2,69.2
2020-01-15 02:00:00,92.0,69.5
2020-01-15 03:00:00,91.5,69.7
2020-01-15 04:00:00,92.4,69.4
2020-01-15 05:00:00,92.4,69.4
2020-01-15 06:00:00,91.2,69.8
2020-01-15 07:00:00,90.5,70.0
2020-01-15 08:00:00,90.5,70.5
2020-01-15 09:00:00,87.5,71.6
2020-01-15 10:00:00,81.4,73.4
2020-01-15 11:00:00,71.9,76.2
2020-01-15 12:00:00,65.7,77.5
2020-01-15 13:00:00,61.7,78.4
2020-01-15 14:00:00,56.2,80.3
2020-01-15 15:00:00,53.6,80.5
2020-01-15 16:00:00,56.8,79.2
2020-01-15 17:00:00,60.4,77.9
2020-01-15 18:00:00,63.7,77.2
2020-01-15 19:00:00,65.5,75.5
2020-01-15 20:00:00,70.8,73.7
2020-01-15 21:00:00,76.6,71.8
2020-01-15 22:00:00,80.0,70.9
2020-01-15 23:00:00,81.5,71.0
2020-01-16 00:00:00,84.0,71.0
2020-01-16 01:00:00,84.0,71.1
2020-01-16 02:00:00,86.1,70.4
2020-01-16 03:00:00,87.4,70.0
2020-01-16 04:00:00,87.4,70.0
2020-01-16 05:00:00,88.7,69.6
2020-01-16 06:00:00,87.5,69.8
2020-01-16 07:00:00,87.6,63.1
2020-01-16 08:00:00,88.8,59.6
2020-01-16 09:00:00,87.8,58.8
2020-01-16 10:00:00,87.8,58.0
2020-01-16 11:00:00,87.1,58.0
2020-01-16 12:00:00,85.6,58.9
2020-01-16 13:00:00,84.6,59.3
2020-01-16 14:00:00,84.7,58.9
2020-01-16 15:00:00,86.5,58.1
2020-01-16 16:00:00,88.4,57.5
2020-01-16 17:00:00,90.0,57.0
2020-01-16 18:00:00,90.0,57.0
2020-01-16 19:00:00,90.0,57.0
2020-01-16 20:00:00,90.8,57.8
2020-01-16 21:00:00,90.1,58.0
2020-01-16 22:00:00,89.8,58.0
2020-01-16 23:00:00,89.3,57.4
2020-01-17 00:00:00,91.1,56.3
2020-01-17 01:00:00,92.5,56.1
2020-01-17 02:00:00,93.1,56.1
2020-01-17 03:00:00,92.1,56.0
2020-01-17 04:00:00,93.2,53.9
2020-01-17 05:00:00,92.6,52.5
2020-01-17 06:00:00,92.9,51.9
2020-01-17 07:00:00,93.1,51.0
2020-01-17 08:00:00,92.3,50.2
2020-01-17 09:00:00,91.9,50.0
2020-01-17 10:00:00,91.1,50.0
2020-01-17 11:00:00,90.5,50.7
2020-01-17 12:00:00,90.5,51.9
2020-01-17 13:00:00,89.5,53.7
2020-01-17 14:00:00,87.2,56.9
2020-01-17 15:00:00,87.2,56.5
2020-01-17 16:00:00,87.6,56.7
2020-01-17 17:00:00,88.6,56.4
2020-01-17 18:00:00,90.1,56.2
2020-01-17 19:00:00,89.6,56.8
2020-01-17 20:00:00,90.2,57.3
2020-01-17 21:00:00,91.0,57.8
2020-01-17 22:00:00,90.9,58.4
2020-01-17 23:00:00,91.8,58.5
2020-01-18 00:00:00,90.8,61.8
2020-01-18 01:00:00,91.9,63.3
2020-01-18 02:00:00,92.8,64.2
2020-01-18 03:00:00,92.2,64.8
2020-01-18 04:00:00,93.2,64.1
2020-01-18 05:00:00,93.1,64.1
2020-01-18 06:00:00,91.9,64.4
2020-01-18 07:00:00,90.5,64.3
2020-01-18 08:00:00,91.7,64.3
2020-01-18 09:00:00,86.5,63.5
2020-01-18 10:00:00,68.9,64.2
2020-01-18 11:00:00,54.6,65.8
2020-01-18 12:00:00,46.2,68.4
2020-01-18 13:00:00,45.2,67.7
2020-01-18 14:00:00,38.6,68.5
2020-01-18 15:00:00,38.4,68.1
2020-01-18 16:00:00,40.8,66.1
2020-01-18 17:00:00,46.6,62.7
2020-01-18 18:00:00,50.9,60.0
2020-01-18 19:00:00,51.0,57.0
2020-01-18 20:00:00,48.5,54.5
2020-01-18 21:00:00,46.2,52.5
2020-01-18 22:00:00,46.1,51.0
2020-01-18 23:00:00,45.7,49.4
2020-01-19 00:00:00,43.9,48.1
2020-01-19 01:00:00,41.6,47.0
2020-01-19 02:00:00,42.7,45.6
2020-01-19 03:00:00,42.3,44.5
2020-01-19 04:00:00,40.3,43.8
2020-01-19 05:00:00,40.2,42.7
2020-01-19 06:00:00,39.2,41.9
2020-01-19 07:00:00,36.7,41.4
2020-01-19 08:00:00,31.3,43.5
2020-01-19 09:00:00,27.6,46.9
2020-01-19 10:00:00,24.1,50.3
2020-01-19 11:00:00,24.1,52.4
2020-01-19 12:00:00,24.2,54.5
2020-01-19 13:00:00,25.2,55.9
2020-01-19 14:00:00,25.3,57.0
2020-01-19 15:00:00,25.2,57.6
2020-01-19 16:00:00,25.9,56.8
2020-01-19 17:00:00,28.9,54.1
2020-01-19 18:00:00,32.5,52.2
2020-01-19 19:00:00,34.2,51.3
2020-01-19 20:00:00,36.1,49.3
2020-01-19 21:00:00,,
2020-01-19 22:00:00,,
2020-01-19 23:00:00,,
2020-01-20 00:00:00,,
2020-01-20 01:00:00,,
2020-01-20 02:00:00,,
2020-01-20 03:00:00,,
2020-01-20 04:00:00,,
2020-01-20 05:00:00,,
2020-01-20 06:00:00,,
2020-01-20 07:00:00,,
2020-01-20 08:00:00,,
2020-01-20 09:00:00,,
2020-01-20 10:00:00,,
2020-01-20 11:00:00,,
2020-01-20 12:00:00,,
2020-01-20 13:00:00,,
2020-01-20 14:00:00,,
2020-01-20 15:00:00,,
2020-01-20 16:00:00,,
2020-01-20 17:00:00,,
2020-01-20 18:00:00,,
2020-01-20 19:00:00,,
2020-01-20 20:00:00,,
2020-01-20 21:00:00,,
2020-01-20 22:00:00,,
2020-01-20 23:00:00,,
2020-01-21 00:00:00,,
2020-01-21 01:00:00,,
2020-01-21 02:00:00,,
2020-01-21 03:00:00,,
2020-01-21 04:00:00,,
2020-01-21 05:00:00,,
2020-01-21 06:00:00,,
2020-01-21 07:00:00,,
2020-01-21 08:00:00,,
2020-01-21 09:00:00,,
2020-01-21 10:00:00,,
2020-01-21 11:00:00,,
2020-01-21 12:00:00,,
2020-01-21 13:00:00,,
2020-01-21 14:00:00,,
2020-01-21 15:00:00,,
2020-01-21 16:00:00,30.4,60.0
2020-01-21 17:00:00,32.1,58.8
2020-01-21 18:00:00,34.1,57.8
2020-01-21 19:00:00,40.8,57.0
2020-01-21 20:00:00,51.1,55.8
2020-01-21 21:00:00,56.9,54.5
2020-01-21 22:00:00,59.9,53.2
2020-01-21 23:00:00,63.1,52.2
2020-01-22 00:00:00,70.7,50.8
2020-01-22 01:00:00,85.2,48.1
2020-01-22 02:00:00,87.6,47.4
2020-01-22 03:00:00,88.9,47.2
2020-01-22 04:00:00,90.0,47.0
2020-01-22 05:00:00,89.9,47.9
2020-01-22 06:00:00,91.1,48.0
2020-01-22 07:00:00,89.8,49.0
2020-01-22 08:00:00,91.5,49.4
2020-01-22 09:00:00,92.1,50.5
2020-01-22 10:00:00,92.4,51.2
2020-01-22 11:00:00,92.8,52.4
2020-01-22 12:00:00,92.2,54.0
2020-01-22 13:00:00,91.9,55.7
2020-01-22 14:00:00,92.1,56.5
2020-01-22 15:00:00,93.1,57.0
2020-01-22 16:00:00,91.8,57.8
2020-01-22 17:00:00,93.4,58.0
2020-01-22 18:00:00,93.4,58.0
2020-01-22 19:00:00,93.0,58.1
2020-01-22 20:00:00,90.9,58.8
2020-01-22 21:00:00,91.6,58.5
2020-01-22 22:00:00,91.3,57.4
2020-01-22 23:00:00,91.8,54.5
2020-01-23 00:00:00,92.7,53.1
2020-01-23 01:00:00,93.3,52.8
2020-01-23 02:00:00,91.7,51.9
2020-01-23 03:00:00,92.1,52.1
2020-01-23 04:00:00,91.5,51.8
2020-01-23 05:00:00,90.2,52.0
2020-01-23 06:00:00,89.9,51.2
2020-01-23 07:00:00,90.5,50.8
2020-01-23 08:00:00,,
2020-01-23 09:00:00,83.2,53.4
2020-01-23 10:00:00,75.5,56.9
2020-01-23 11:00:00,64.3,61.2
2020-01-23 12:00:00,55.4,64.5
2020-01-23 13:00:00,50.7,66.3
2020-01-23 14:00:00,49.1,66.7
2020-01-23 15:00:00,48.0,65.8
2020-01-23 16:00:00,47.8,64.2
2020-01-23 17:00:00,52.8,61.1
2020-01-23 18:00:00,59.5,57.5
2020-01-23 19:00:00,66.1,55.2
2020-01-23 20:00:00,73.3,53.1
2020-01-23 21:00:00,80.9,50.2
2020-01-23 22:00:00,83.3,48.7
2020-01-23 23:00:00,83.7,48.8
2020-01-24 00:00:00,87.1,46.6
2020-01-24 01:00:00,87.3,45.7
2020-01-24 02:00:00,87.6,46.2
2020-01-24 03:00:00,88.0,45.5
2020-01-24 04:00:00,88.1,44.6
2020-01-24 05:00:00,85.6,44.9
2020-01-24 06:00:00,84.5,44.0
2020-01-24 07:00:00,85.5,43.2
2020-01-24 08:00:00,75.7,46.9
2020-01-24 09:00:00,70.9,50.8
2020-01-24 10:00:00,56.7,57.2
2020-01-24 11:00:00,32.1,62.6
2020-01-24 12:00:00,27.5,64.0
2020-01-24 13:00:00,25.0,66.1
2020-01-24 14:00:00,22.9,67.0
2020-01-24 15:00:00,22.2,67.5
2020-01-24 16:00:00,24.3,66.7
2020-01-24 17:00:00,28.1,63.9
2020-01-24 18:00:00,32.2,61.1
2020-01-24 19:00:00,37.9,58.0
2020-01-24 20:00:00,45.5,54.4
2020-01-24 21:00:00,48.0,52.7
2020-01-24 22:00:00,53.1,51.0
2020-01-24 23:00:00,56.9,49.7
2020-01-25 00:00:00,56.4,49.9
2020-01-25 01:00:00,63.6,47.6
2020-01-25 02:00:00,61.4,48.1
2020-01-25 03:00:00,67.3,46.3
2020-01-25 04:00:00,69.9,45.0
2020-01-25 05:00:00,69.3,44.5
2020-01-25 06:00:00,74.4,43.3
2020-01-25 07:00:00,74.7,44.0
2020-01-25 08:00:00,73.8,46.7
2020-01-25 09:00:00,63.3,53.1
2020-01-25 10:00:00,57.9,57.6
2020-01-25 11:00:00,54.0,62.7
2020-01-25 12:00:00,52.4,65.6
2020-01-25 13:00:00,54.0,66.2
2020-01-25 14:00:00,55.8,66.2
2020-01-25 15:00:00,57.9,66.0
2020-01-25 16:00:00,61.5,65.1
2020-01-25 17:00:00,65.5,64.3
2020-01-25 18:00:00,74.4,62.6
2020-01-25 19:00:00,87.1,60.5
2020-01-25 20:00:00,90.1,60.0
2020-01-25 21:00:00,90.2,59.8
2020-01-25 22:00:00,91.0,59.7
2020-01-25 23:00:00,91.7,59.3
2020-01-26 00:00:00,93.0,59.1
2020-01-26 01:00:00,93.0,59.1
2020-01-26 02:00:00,93.1,59.1
2020-01-26 03:00:00,91.1,59.7
2020-01-26 04:00:00,91.1,59.0
2020-01-26 05:00:00,91.3,57.4
2020-01-26 06:00:00,92.0,56.3
2020-01-26 07:00:00,89.1,56.3
2020-01-26 08:00:00,86.5,57.1
2020-01-26 09:00:00,79.0,59.6
2020-01-26 10:00:00,67.6,64.3
2020-01-26 11:00:00,57.0,67.8
2020-01-26 12:00:00,48.2,71.4
2020-01-26 13:00:00,40.0,74.3
2020-01-26 14:00:00,33.2,76.7
2020-01-26 15:00:00,27.7,78.4
2020-01-26 16:00:00,28.0,76.9
2020-01-26 17:00:00,31.9,73.3
2020-01-26 18:00:00,37.1,68.5
2020-01-26 19:00:00,46.0,65.7
2020-01-26 20:00:00,62.0,63.0
2020-01-26 21:00:00,67.1,61.0
2020-01-26 22:00:00,72.6,58.9
2020-01-26 23:00:00,78.4,55.7
2020-01-27 00:00:00,81.8,53.8
2020-01-27 01:00:00,84.2,52.3
2020-01-27 02:00:00,85.7,51.3
2020-01-27 03:00:00,85.3,51.1
2020-01-27 04:00:00,86.5,48.9
2020-01-27 05:00:00,86.9,48.5
2020-01-27 06:00:00,87.4,48.1
2020-01-27 07:00:00,87.5,47.6
2020-01-27 08:00:00,89.9,49.8
2020-01-27 09:00:00,87.9,54.0
2020-01-27 10:00:00,87.3,54.9
2020-01-27 11:00:00,84.8,55.7
2020-01-27 12:00:00,73.9,60.0
2020-01-27 13:00:00,63.5,64.2
2020-01-27 14:00:00,58.5,66.9
2020-01-27 15:00:00,53.9,68.9
2020-01-27 16:00:00,54.6,68.7
2020-01-27 17:00:00,59.7,66.8
2020-01-27 18:00:00,71.6,62.4
2020-01-27 19:00:00,77.8,59.2
2020-01-27 20:00:00,80.9,57.9
2020-01-27 21:00:00,82.7,57.3
2020-01-27 22:00:00,83.7,57.8
2020-01-27 23:00:00,81.9,58.6
2020-01-28 00:00:00,81.6,58.1
2020-01-28 01:00:00,84.4,57.1
2020-01-28 02:00:00,84.7,57.0
2020-01-28 03:00:00,88.3,56.2
2020-01-28 04:00:00,91.2,56.0
2020-01-28 05:00:00,90.8,56.0
2020-01-28 06:00:00,92.4,55.2
2020-01-28 07:00:00,90.7,55.0
2020-01-28 08:00:00,91.9,55.1
2020-01-28 09:00:00,91.2,56.2
2020-01-28 10:00:00,89.9,58.0
2020-01-28 11:00:00,76.8,63.5
2020-01-28 12:00:00,58.9,68.3
2020-01-28 13:00:00,31.1,71.8
2020-01-28 14:00:00,27.7,71.9
2020-01-28 15:00:00,35.7,67.9
2020-01-28 16:00:00,44.4,62.6
2020-01-28 17:00:00,53.6,56.6
2020-01-28 18:00:00,57.4,53.9
2020-01-28 19:00:00,58.0,53.0
2020-01-28 20:00:00,53.7,52.4
2020-01-28 21:00:00,55.7,51.4
2020-01-28 22:00:00,55.9,51.0
2020-01-28 23:00:00,52.3,51.1
2020-01-29 00:00:00,56.1,50.2
2020-01-29 01:00:00,59.0,49.8
2020-01-29 02:00:00,59.4,49.2
2020-01-29 03:00:00,60.7,48.1
2020-01-29 04:00:00,63.1,47.0
2020-01-29 05:00:00,65.4,46.1
2020-01-29 06:00:00,67.3,45.3
2020-01-29 07:00:00,68.1,45.0
2020-01-29 08:00:00,63.5,46.9
2020-01-29 09:00:00,58.3,49.9
2020-01-29 10:00:00,52.6,53.3
2020-01-29 11:00:00,47.5,56.9
2020-01-29 12:00:00,44.4,59.1
2020-01-29 13:00:00,42.2,61.0
2020-01-29 14:00:00,40.7,62.1
2020-01-29 15:00:00,39.7,62.3
2020-01-29 16:00:00,41.7,61.1
2020-01-29 17:00:00,47.6,57.9
2020-01-29 18:00:00,56.2,54.4
2020-01-29 19:00:00,64.7,51.4
2020-01-29 20:00:00,71.0,48.2
2020-01-29 21:00:00,73.9,46.7
2020-01-29 22:00:00,75.4,45.4
2020-01-29 23:00:00,77.1,44.9
2020-01-30 00:00:00,76.3,45.1
2020-01-30 01:00:00,75.5,45.4
2020-01-30 02:00:00,76.6,45.0
2020-01-30 03:00:00,76.6,45.0
2020-01-30 04:00:00,76.6,45.0
2020-01-30 05:00:00,80.8,44.1
2020-01-30 06:00:00,80.1,44.0
2020-01-30 07:00:00,79.2,44.1
2020-01-30 08:00:00,73.0,45.7
2020-01-30 09:00:00,73.5,45.9
2020-01-30 10:00:00,73.4,46.2
2020-01-30 11:00:00,73.7,46.9
2020-01-30 12:00:00,73.3,47.7
2020-01-30 13:00:00,71.0,48.6
2020-01-30 14:00:00,69.2,49.0
2020-01-30 15:00:00,69.3,49.2
2020-01-30 16:00:00,68.1,49.6
2020-01-30 17:00:00,71.2,49.0
2020-01-30 18:00:00,71.4,48.8
2020-01-30 19:00:00,70.1,49.0
2020-01-30 20:00:00,71.2,49.0
2020-01-30 21:00:00,73.3,48.2
2020-01-30 22:00:00,74.7,47.7
2020-01-30 23:00:00,76.8,47.0
2020-01-31 00:00:00,76.8,47.0
2020-01-31 01:00:00,75.2,47.0
2020-01-31 02:00:00,76.3,47.0
2020-01-31 03:00:00,76.8,47.0
2020-01-31 04:00:00,77.5,46.8
2020-01-31 05:00:00,75.8,46.8
2020-01-31 06:00:00,74.4,46.4
2020-01-31 07:00:00,73.4,46.1
2020-01-31 08:00:00,72.4,46.9
2020-01-31 09:00:00,68.8,47.3
2020-01-31 10:00:00,61.9,48.7
2020-01-31 11:00:00,53.3,53.1
2020-01-31 12:00:00,47.3,56.3
2020-01-31 13:00:00,43.5,58.5
2020-01-31 14:00:00,36.3,61.0
2020-01-31 15:00:00,35.1,62.0
2020-01-31 16:00:00,35.0,60.6
2020-01-31 17:00:00,39.2,58.2
2020-01-31 18:00:00,47.7,55.1
2020-01-31 19:00:00,53.4,53.1
2020-01-31 20:00:00,58.4,51.1
2020-01-31 21:00:00,63.1,49.1
2020-01-31 22:00:00,75.1,45.1
2020-01-31 23:00:00,74.1,45.4
2020-02-01 00:00:00,72.4,45.6
2020-02-01 01:00:00,72.9,46.2
2020-02-01 02:00:00,75.1,45.5
2020-02-01 03:00:00,76.2,44.1
2020-02-01 04:00:00,76.6,43.4
2020-02-01 05:00:00,75.4,42.6
2020-02-01 06:00:00,76.4,42.0
2020-02-01 07:00:00,73.1,42.2
2020-02-01 08:00:00,66.8,45.2
2020-02-01 09:00:00,57.1,50.5
2020-02-01 10:00:00,44.1,56.8
2020-02-01 11:00:00,33.8,62.5
2020-02-01 12:00:00,27.4,67.0
2020-02-01 13:00:00,21.7,70.5
2020-02-01 14:00:00,17.5,72.4
2020-02-01 15:00:00,15.8,73.1
2020-02-01 16:00:00,15.6,72.1
2020-02-01 17:00:00,18.5,69.6
2020-02-01 18:00:00,28.3,62.9
2020-02-01 19:00:00,36.1,57.9
2020-02-01 20:00:00,43.5,53.9
2020-02-01 21:00:00,46.9,52.5
2020-02-01 22:00:00,51.4,50.8
2020-02-01 23:00:00,58.3,48.0
2020-02-02 00:00:00,66.5,45.4
2020-02-02 01:00:00,57.8,47.3
2020-02-02 02:00:00,53.3,50.6
2020-02-02 03:00:00,56.4,50.0
2020-02-02 04:00:00,58.3,48.0
2020-02-02 05:00:00,54.3,48.3
2020-02-02 06:00:00,61.5,45.6
2020-02-02 07:00:00,52.1,48.6
2020-02-02 08:00:00,45.2,52.6
2020-02-02 09:00:00,35.7,58.7
2020-02-02 10:00:00,31.3,66.3
2020-02-02 11:00:00,20.4,74.7
2020-02-02 12:00:00,14.5,77.8
2020-02-02 13:00:00,14.9,78.9
2020-02-02 14:00:00,14.8,79.7
2020-02-02 15:00:00,15.8,78.7
2020-02-02 16:00:00,18.3,76.1
2020-02-02 17:00:00,21.2,72.3
2020-02-02 18:00:00,25.5,68.1
2020-02-02 19:00:00,27.1,66.8
2020-02-02 20:00:00,28.7,65.2
2020-02-02 21:00:00,33.9,63.0
2020-02-02 22:00:00,42.0,60.0
2020-02-02 23:00:00,52.5,57.9
2020-02-03 00:00:00,60.7,57.2
2020-02-03 01:00:00,67.4,56.4
2020-02-03 02:00:00,71.6,56.2
2020-02-03 03:00:00,73.0,57.0
2020-02-03 04:00:00,73.3,57.6
2020-02-03 05:00:00,76.9,57.2
2020-02-03 06:00:00,78.2,57.1
2020-02-03 07:00:00,78.3,57.9
2020-02-03 08:00:00,73.6,60.6
2020-02-03 09:00:00,70.2,63.6
2020-02-03 10:00:00,68.7,66.2
2020-02-03 11:00:00,65.4,68.8
2020-02-03 12:00:00,62.9,69.8
2020-02-03 13:00:00,64.4,69.8
2020-02-03 14:00:00,62.6,71.0
2020-02-03 15:00:00,62.6,71.4
2020-02-03 16:00:00,61.2,72.3
2020-02-03 17:00:00,64.2,71.6
2020-02-03 18:00:00,71.5,70.0
2020-02-03 19:00:00,76.9,68.5
2020-02-03 20:00:00,76.3,68.8
2020-02-03 21:00:00,77.2,68.5
2020-02-03 22:00:00,76.9,68.5
2020-02-03 23:00:00,78.4,68.0
2020-02-04 00:00:00,80.0,68.0
2020-02-04 01:00:00,81.9,67.8
2020-02-04 02:00:00,82.4,67.6
2020-02-04 03:00:00,84.1,66.5
2020-02-04 04:00:00,84.5,66.0
2020-02-04 05:00:00,87.0,64.9
2020-02-04 06:00:00,87.9,64.6
2020-02-04 07:00:00,87.6,64.9
2020-02-04 08:00:00,85.8,66.3
2020-02-04 09:00:00,81.8,67.7
2020-02-04 10:00:00,72.8,70.9
2020-02-04 11:00:00,64.7,73.9
2020-02-04 12:00:00,58.4,76.2
2020-02-04 13:00:00,54.0,77.2
2020-02-04 14:00:00,49.2,78.1
2020-02-04 15:00:00,53.4,74.8
2020-02-04 16:00:00,55.6,69.1
2020-02-04 17:00:00,58.5,62.0
2020-02-04 18:00:00,65.8,55.8
2020-02-04 19:00:00,,52.1
2020-02-04 20:00:00,,50.1
2020-02-04 21:00:00,,49.8
2020-02-04 22:00:00,,48.4
2020-02-04 23:00:00,,47.2
2020-02-05 00:00:00,,46.1
2020-02-05 01:00:00,,43.6
2020-02-05 02:00:00,,41.9
2020-02-05 03:00:00,,40.6
2020-02-05 04:00:00,,39.1
2020-02-05 05:00:00,,39.0
2020-02-05 06:00:00,,38.5
2020-02-05 07:00:00,,38.0
2020-02-05 08:00:00,,38.1
2020-02-05 09:00:00,,39.0
2020-02-05 10:00:00,,40.1
2020-02-05 11:00:00,,41.6
2020-02-05 12:00:00,,42.6
2020-02-05 13:00:00,,43.4
2020-02-05 14:00:00,,43.1
2020-02-05 15:00:00,65.0,42.5
2020-02-05 16:00:00,65.2,41.5
2020-02-05 17:00:00,66.7,40.3
2020-02-05 18:00:00,67.3,39.2
2020-02-05 19:00:00,68.0,38.3
2020-02-05 20:00:00,66.4,37.6
2020-02-05 21:00:00,62.4,37.0
2020-02-05 22:00:00,68.0,36.2
2020-02-05 23:00:00,83.7,33.5
2020-02-06 00:00:00,79.6,33.9
2020-02-06 01:00:00,75.7,33.6
2020-02-06 02:00:00,73.7,33.4
2020-02-06 03:00:00,74.2,33.0
2020-02-06 04:00:00,75.6,33.0
2020-02-06 05:00:00,74.8,33.0
2020-02-06 06:00:00,76.2,31.8
2020-02-06 07:00:00,74.4,32.4
2020-02-06 08:00:00,68.3,35.2
2020-02-06 09:00:00,58.2,39.2
2020-02-06 10:00:00,45.5,43.9
2020-02-06 11:00:00,35.5,46.5
2020-02-06 12:00:00,29.0,49.1
2020-02-06 13:00:00,25.9,51.1
2020-02-06 14:00:00,24.2,52.3
2020-02-06 15:00:00,23.1,53.8
2020-02-06 16:00:00,22.7,54.4
2020-02-06 17:00:00,24.3,53.3
2020-02-06 18:00:00,31.8,48.9
2020-02-06 19:00:00,39.4,45.6
2020-02-06 20:00:00,46.8,42.2
2020-02-06 21:00:00,56.5,40.1
2020-02-06 22:00:00,63.8,39.1
2020-02-06 23:00:00,70.4,37.4
2020-02-07 00:00:00,57.6,39.2
2020-02-07 01:00:00,53.8,39.3
2020-02-07 02:00:00,54.6,39.0
2020-02-07 03:00:00,61.8,36.8
2020-02-07 04:00:00,62.7,36.6
2020-02-07 05:00:00,61.9,36.8
2020-02-07 06:00:00,56.1,38.8
2020-02-07 07:00:00,55.8,39.5
2020-02-07 08:00:00,44.1,46.9
2020-02-07 09:00:00,32.4,56.2
2020-02-07 10:00:00,24.3,62.3
2020-02-07 11:00:00,22.7,66.4
2020-02-07 12:00:00,21.0,70.7
2020-02-07 13:00:00,18.5,73.3
2020-02-07 14:00:00,17.1,74.8
2020-02-07 15:00:00,17.2,75.4
2020-02-07 16:00:00,18.4,74.5
2020-02-07 17:00:00,22.2,70.3
2020-02-07 18:00:00,27.4,65.7
2020-02-07 19:00:00,34.4,60.4
2020-02-07 20:00:00,36.2,59.6
2020-02-07 21:00:00,37.2,57.6
2020-02-07 22:00:00,38.4,55.4
2020-02-07 23:00:00,44.3,52.4
2020-02-08 00:00:00,48.0,50.8
2020-02-08 01:00:00,52.5,48.7
2020-02-08 02:00:00,54.1,47.9
2020-02-08 03:00:00,62.8,44.2
2020-02-08 04:00:00,56.4,46.4
2020-02-08 05:00:00,53.7,47.0
2020-02-08 06:00:00,47.9,49.4
2020-02-08 07:00:00,46.0,50.4
2020-02-08 08:00:00,45.6,51.0
2020-02-08 09:00:00,45.3,51.9
2020-02-08 10:00:00,45.2,53.4
2020-02-08 11:00:00,43.8,56.5
2020-02-08 12:00:00,40.6,60.8
2020-02-08 13:00:00,41.3,63.8
2020-02-08 14:00:00,44.0,65.2
2020-02-08 15:00:00,45.5,68.5
2020-02-08 16:00:00,51.4,68.9
2020-02-08 17:00:00,56.4,67.8
2020-02-08 18:00:00,60.7,67.0
2020-02-08 19:00:00,63.0,66.9
2020-02-08 20:00:00,70.2,65.5
2020-02-08 21:00:00,75.5,65.0
2020-02-08 22:00:00,77.3,64.3
2020-02-08 23:00:00,80.5,63.1
2020-02-09 00:00:00,81.0,63.0
2020-02-09 01:00:00,81.0,63.0
2020-02-09 02:00:00,83.8,63.0
2020-02-09 03:00:00,85.9,63.2
2020-02-09 04:00:00,87.1,64.0
2020-02-09 05:00:00,88.7,64.0
2020-02-09 06:00:00,88.1,65.0
2020-02-09 07:00:00,90.6,65.2
2020-02-09 08:00:00,91.1,66.1
2020-02-09 09:00:00,90.5,66.9
2020-02-09 10:00:00,91.2,67.1
2020-02-09 11:00:00,90.4,68.0
2020-02-09 12:00:00,89.6,68.3
2020-02-09 13:00:00,86.4,69.5
2020-02-09 14:00:00,89.9,69.1
2020-02-09 15:00:00,88.1,69.8
2020-02-09 16:00:00,84.4,71.3
2020-02-09 17:00:00,83.9,71.2
2020-02-09 18:00:00,81.5,72.0
2020-02-09 19:00:00,86.4,71.2
2020-02-09 20:00:00,87.4,71.0
2020-02-09 21:00:00,87.5,71.0
2020-02-09 22:00:00,89.6,70.3
2020-02-09 23:00:00,89.9,70.2
2020-02-10 00:00:00,89.4,70.3
2020-02-10 01:00:00,89.3,70.4
2020-02-10 02:00:00,89.5,70.3
2020-02-10 03:00:00,90.5,70.0
2020-02-10 04:00:00,90.5,70.0
2020-02-10 05:00:00,90.5,70.0
2020-02-10 06:00:00,88.9,70.5
2020-02-10 07:00:00,88.3,70.7
2020-02-10 08:00:00,86.9,62.8
2020-02-10 09:00:00,87.4,56.4
2020-02-10 10:00:00,85.2,55.2
2020-02-10 11:00:00,86.1,53.9
2020-02-10 12:00:00,88.8,53.1
2020-02-10 13:00:00,86.8,53.0
2020-02-10 14:00:00,87.5,53.0
2020-02-10 15:00:00,89.5,52.3
2020-02-10 16:00:00,82.7,52.0
2020-02-10 17:00:00,80.2,50.9
2020-02-10 18:00:00,75.8,49.8
2020-02-10 19:00:00,75.6,49.0
2020-02-10 20:00:00,74.3,49.0
2020-02-10 21:00:00,72.4,49.0
2020-02-10 22:00:00,72.4,48.3
2020-02-10 23:00:00,74.4,47.5
2020-02-11 00:00:00,78.6,47.0
2020-02-11 01:00:00,82.7,46.1
2020-02-11 02:00:00,86.4,44.9
2020-02-11 03:00:00,88.4,44.0
2020-02-11 04:00:00,86.3,44.0
2020-02-11 05:00:00,86.1,44.0
2020-02-11 06:00:00,86.1,44.0
2020-02-11 07:00:00,86.5,43.9
2020-02-11 08:00:00,86.0,44.0
2020-02-11 09:00:00,84.3,44.0
2020-02-11 10:00:00,84.6,44.6
2020-02-11 11:00:00,83.2,46.5
2020-02-11 12:00:00,87.4,47.0
2020-02-11 13:00:00,86.6,46.3
2020-02-11 14:00:00,87.3,45.3
2020-02-11 15:00:00,87.5,45.6
2020-02-11 16:00:00,86.3,46.0
2020-02-11 17:00:00,87.0,46.0
2020-02-11 18:00:00,87.4,46.0
2020-02-11 19:00:00,86.5,46.0
2020-02-11 20:00:00,88.7,45.2
2020-02-11 21:00:00,88.7,45.2
2020-02-11 22:00:00,86.3,46.0
2020-02-11 23:00:00,87.7,46.0
2020-02-12 00:00:00,89.4,46.0
2020-02-12 01:00:00,90.5,45.0
2020-02-12 02:00:00,91.4,44.2
2020-02-12 03:00:00,89.5,44.0
2020-02-12 04:00:00,89.8,44.0
2020-02-12 05:00:00,89.9,44.0
2020-02-12 06:00:00,91.3,44.0
2020-02-12 07:00:00,89.8,44.0
2020-02-12 08:00:00,89.4,45.0
2020-02-12 09:00:00,88.9,45.5
2020-02-12 10:00:00,87.5,45.6
2020-02-12 11:00:00,82.1,48.3
2020-02-12 12:00:00,77.3,51.1
2020-02-12 13:00:00,73.5,53.3
2020-02-12 14:00:00,69.9,53.8
2020-02-12 15:00:00,68.8,54.0
2020-02-12 16:00:00,62.8,56.5
2020-02-12 17:00:00,63.7,56.1
2020-02-12 18:00:00,75.6,52.5
2020-02-12 19:00:00,80.9,49.8
2020-02-12 20:00:00,85.0,47.4
2020-02-12 21:00:00,86.9,46.5
2020-02-12 22:00:00,88.2,45.5
2020-02-12 23:00:00,88.1,44.1
2020-02-13 00:00:00,87.6,46.1
2020-02-13 01:00:00,80.9,46.3
2020-02-13 02:00:00,77.6,47.0
2020-02-13 03:00:00,81.3,45.5
2020-02-13 04:00:00,84.6,42.9
2020-02-13 05:00:00,88.0,40.8
2020-02-13 06:00:00,87.3,40.2
2020-02-13 07:00:00,81.8,40.7
2020-02-13 08:00:00,74.2,43.7
2020-02-13 09:00:00,65.9,46.5
2020-02-13 10:00:00,62.0,48.0
2020-02-13 11:00:00,62.9,47.2
2020-02-13 12:00:00,58.6,49.0
2020-02-13 13:00:00,54.1,51.1
2020-02-13 14:00:00,50.7,52.7
2020-02-13 15:00:00,48.6,53.6
2020-02-13 16:00:00,49.2,53.4
2020-02-13 17:00:00,55.1,50.3
2020-02-13 18:00:00,59.0,47.8
2020-02-13 19:00:00,62.9,46.0
2020-02-13 20:00:00,67.1,44.3
2020-02-13 21:00:00,69.9,42.4
2020-02-13 22:00:00,72.2,40.8
2020-02-13 23:00:00,73.1,40.0
2020-02-14 00:00:00,74.9,38.6
2020-02-14 01:00:00,75.3,37.4
2020-02-14 02:00:00,75.6,36.3
2020-02-14 03:00:00,76.3,35.9
2020-02-14 04:00:00,78.0,35.3
2020-02-14 05:00:00,78.8,34.9
2020-02-14 06:00:00,78.9,34.4
2020-02-14 07:00:00,76.7,35.5
2020-02-14 08:00:00,68.6,38.8
2020-02-14 09:00:00,62.2,42.9
2020-02-14 10:00:00,57.1,46.9
2020-02-14 11:00:00,54.2,49.0
2020-02-14 12:00:00,50.0,51.5
2020-02-14 13:00:00,45.6,53.9
2020-02-14 14:00:00,42.7,56.8
2020-02-14 15:00:00,41.7,58.5
2020-02-14 16:00:00,40.9,58.8
2020-02-14 17:00:00,42.3,57.3
2020-02-14 18:00:00,45.1,55.2
2020-02-14 19:00:00,50.8,52.8
2020-02-14 20:00:00,52.3,51.5
2020-02-14 21:00:00,53.9,50.1
2020-02-14 22:00:00,60.0,48.1
2020-02-14 23:00:00,66.6,45.6
2020-02-15 00:00:00,72.7,43.3
2020-02-15 01:00:00,77.3,41.7
2020-02-15 02:00:00,76.6,41.9
2020-02-15 03:00:00,80.1,41.1
2020-02-15 04:00:00,83.4,40.9
2020-02-15 05:00:00,85.4,41.2
2020-02-15 06:00:00,85.8,40.9
2020-02-15 07:00:00,85.7,40.6
2020-02-15 08:00:00,84.4,45.4
2020-02-15 09:00:00,71.8,51.1
2020-02-15 10:00:00,67.9,54.0
2020-02-15 11:00:00,64.0,57.2
2020-02-15 12:00:00,60.9,61.2
2020-02-15 13:00:00,59.3,63.1
2020-02-15 14:00:00,59.6,63.5
2020-02-15 15:00:00,58.8,63.8
2020-02-15 16:00:00,59.0,64.2
2020-02-15 17:00:00,59.5,64.0
2020-02-15 18:00:00,63.2,62.7
2020-02-15 19:00:00,67.6,60.8
2020-02-15 20:00:00,73.2,58.6
2020-02-15 21:00:00,76.1,57.2
2020-02-15 22:00:00,76.4,57.4
2020-02-15 23:00:00,81.8,55.1
2020-02-16 00:00:00,84.1,53.3
2020-02-16 01:00:00,85.2,53.0
2020-02-16 02:00:00,87.7,50.8
2020-02-16 03:00:00,88.8,49.9
2020-02-16 04:00:00,88.0,50.3
2020-02-16 05:00:00,89.1,50.6
2020-02-16 06:00:00,88.0,52.6
2020-02-16 07:00:00,88.0,56.0
2020-02-16 08:00:00,88.4,58.0
2020-02-16 09:00:00,82.1,61.2
2020-02-16 10:00:00,74.4,64.3
2020-02-16 11:00:00,67.9,67.5
2020-02-16 12:00:00,62.0,69.9
2020-02-16 13:00:00,56.6,72.6
2020-02-16 14:00:00,48.3,76.4
2020-02-16 15:00:00,44.6,77.5
2020-02-16 16:00:00,57.3,74.0
2020-02-16 17:00:00,65.5,70.2
2020-02-16 18:00:00,70.4,67.6
2020-02-16 19:00:00,73.2,65.4
2020-02-16 20:00:00,74.8,64.3
2020-02-16 21:00:00,79.3,62.6
2020-02-16 22:00:00,83.5,61.1
2020-02-16 23:00:00,84.8,60.7
2020-02-17 00:00:00,86.8,59.2
2020-02-17 01:00:00,88.1,60.1
2020-02-17 02:00:00,90.6,62.5
2020-02-17 03:00:00,92.1,63.0
2020-02-17 04:00:00,92.0,63.5
2020-02-17 05:00:00,91.2,64.3
2020-02-17 06:00:00,90.8,65.0
2020-02-17 07:00:00,90.8,65.8
2020-02-17 08:00:00,92.5,66.3
2020-02-17 09:00:00,90.0,67.5
2020-02-17 10:00:00,86.9,69.0
2020-02-17 11:00:00,78.4,70.8
2020-02-17 12:00:00,71.5,73.5
2020-02-17 13:00:00,60.5,77.7
2020-02-17 14:00:00,56.6,79.4
2020-02-17 15:00:00,58.6,79.1
2020-02-17 16:00:00,60.5,78.6
2020-02-17 17:00:00,62.0,77.9
2020-02-17 18:00:00,66.9,75.1
2020-02-17 19:00:00,71.2,73.0
2020-02-17 20:00:00,75.0,72.4
2020-02-17 21:00:00,76.3,71.3
2020-02-17 22:00:00,79.3,69.7
2020-02-17 23:00:00,83.2,69.1
2020-02-18 00:00:00,84.3,69.0
2020-02-18 01:00:00,84.3,69.0
2020-02-18 02:00:00,86.2,68.4
2020-02-18 03:00:00,86.8,68.2
2020-02-18 04:00:00,85.2,68.7
2020-02-18 05:00:00,84.5,69.0
2020-02-18 06:00:00,85.4,69.5
2020-02-18 07:00:00,85.7,69.3
2020-02-18 08:00:00,84.6,70.0
2020-02-18 09:00:00,87.9,69.8
2020-02-18 10:00:00,87.9,70.2
2020-02-18 11:00:00,88.7,70.6
2020-02-18 12:00:00,87.3,70.7
2020-02-18 13:00:00,86.7,62.5
2020-02-18 14:00:00,86.1,61.1
2020-02-18 15:00:00,84.7,57.2
2020-02-18 16:00:00,76.4,54.0
2020-02-18 17:00:00,67.5,54.1
2020-02-18 18:00:00,66.7,53.0
2020-02-18 19:00:00,63.1,53.2
2020-02-18 20:00:00,62.9,53.0
2020-02-18 21:00:00,65.6,52.0
2020-02-18 22:00:00,70.5,51.6
2020-02-18 23:00:00,81.6,50.4
2020-02-19 00:00:00,81.7,50.2
2020-02-19 01:00:00,77.0,51.0
2020-02-19 02:00:00,77.1,51.0
2020-02-19 03:00:00,78.6,50.5
2020-02-19 04:00:00,80.1,50.0
2020-02-19 05:00:00,84.6,49.2
2020-02-19 06:00:00,85.2,49.0
2020-02-19 07:00:00,81.2,49.7
2020-02-19 08:00:00,83.1,49.0
2020-02-19 09:00:00,83.1,49.0
2020-02-19 10:00:00,84.7,49.0
2020-02-19 11:00:00,85.4,49.0
2020-02-19 12:00:00,83.5,49.4
2020-02-19 13:00:00,85.9,49.0
2020-02-19 14:00:00,86.3,49.0
2020-02-19 15:00:00,86.4,49.0
2020-02-19 16:00:00,87.5,49.0
2020-02-19 17:00:00,86.5,49.0
2020-02-19 18:00:00,87.1,48.9
2020-02-19 19:00:00,87.0,48.5
2020-02-19 20:00:00,86.4,48.0
2020-02-19 21:00:00,86.4,48.0
2020-02-19 22:00:00,86.4,48.0
2020-02-19 23:00:00,87.6,47.5
2020-02-20 00:00:00,87.3,47.0
2020-02-20 01:00:00,86.5,47.0
2020-02-20 02:00:00,88.2,47.0
2020-02-20 03:00:00,88.7,47.0
2020-02-20 04:00:00,86.9,47.0
2020-02-20 05:00:00,87.2,46.4
2020-02-20 06:00:00,88.5,45.2
2020-02-20 07:00:00,86.4,45.0
2020-02-20 08:00:00,86.1,45.0
2020-02-20 09:00:00,86.0,45.0
2020-02-20 10:00:00,85.9,45.0
2020-02-20 11:00:00,85.3,45.0
2020-02-20 12:00:00,81.8,45.5
2020-02-20 13:00:00,79.2,46.9
2020-02-20 14:00:00,76.0,48.0
2020-02-20 15:00:00,69.7,49.5
2020-02-20 16:00:00,62.9,51.1
2020-02-20 17:00:00,60.5,51.1
2020-02-20 18:00:00,58.1,50.6
2020-02-20 19:00:00,58.3,49.1
2020-02-20 20:00:00,61.7,47.6
2020-02-20 21:00:00,62.8,47.0
2020-02-20 22:00:00,60.2,46.3
2020-02-20 23:00:00,64.1,44.4
2020-02-21 00:00:00,65.5,42.9
2020-02-21 01:00:00,68.3,41.5
2020-02-21 02:00:00,71.5,40.1
2020-02-21 03:00:00,71.6,39.0
2020-02-21 04:00:00,73.0,38.0
2020-02-21 05:00:00,75.1,37.0
2020-02-21 06:00:00,74.4,36.5
2020-02-21 07:00:00,74.3,36.5
2020-02-21 08:00:00,64.5,39.3
2020-02-21 09:00:00,57.9,42.4
2020-02-21 10:00:00,52.3,46.1
2020-02-21 11:00:00,48.9,48.8
2020-02-21 12:00:00,46.2,50.7
2020-02-21 13:00:00,43.6,52.0
2020-02-21 14:00:00,41.6,53.6
2020-02-21 15:00:00,39.4,54.8
2020-02-21 16:00:00,39.8,54.5
2020-02-21 17:00:00,44.0,52.2
2020-02-21 18:00:00,50.3,49.9
2020-02-21 19:00:00,52.1,48.4
2020-02-21 20:00:00,56.3,47.2
2020-02-21 21:00:00,58.5,46.8
2020-02-21 22:00:00,60.2,45.7
2020-02-21 23:00:00,63.3,45.6
2020-02-22 00:00:00,66.6,45.6
2020-02-22 01:00:00,73.0,44.5
2020-02-22 02:00:00,68.2,44.7
2020-02-22 03:00:00,63.4,45.6
2020-02-22 04:00:00,60.7,46.0
2020-02-22 05:00:00,62.5,46.0
2020-02-22 06:00:00,64.3,46.0
2020-02-22 07:00:00,63.1,46.1
2020-02-22 08:00:00,57.3,47.8
2020-02-22 09:00:00,51.0,51.2
2020-02-22 10:00:00,45.9,55.2
2020-02-22 11:00:00,41.3,58.7
2020-02-22 12:00:00,38.9,60.7
2020-02-22 13:00:00,38.3,62.0
2020-02-22 14:00:00,36.5,63.0
2020-02-22 15:00:00,35.8,64.0
2020-02-22 16:00:00,38.0,62.9
2020-02-22 17:00:00,41.0,60.7
2020-02-22 18:00:00,46.5,58.8
2020-02-22 19:00:00,49.4,58.0
2020-02-22 20:00:00,53.3,56.9
2020-02-22 21:00:00,59.1,56.2
2020-02-22 22:00:00,64.3,55.0
2020-02-22 23:00:00,68.5,54.4
2020-02-23 00:00:00,69.3,54.9
2020-02-23 01:00:00,71.1,55.0
2020-02-23 02:00:00,71.8,55.0
2020-02-23 03:00:00,73.3,55.0
2020-02-23 04:00:00,74.7,55.0
2020-02-23 05:00:00,76.4,55.0
2020-02-23 06:00:00,77.4,55.0
2020-02-23 07:00:00,77.9,54.9
2020-02-23 08:00:00,78.7,55.4
2020-02-23 09:00:00,79.0,56.9
2020-02-23 10:00:00,76.5,59.5
2020-02-23 11:00:00,72.6,63.1
2020-02-23 12:00:00,69.7,65.7
2020-02-23 13:00:00,66.0,67.9
2020-02-23 14:00:00,63.2,69.0
2020-02-23 15:00:00,63.1,69.0
2020-02-23 16:00:00,63.8,69.0
2020-02-23 17:00:00,66.5,68.5
2020-02-23 18:00:00,70.1,67.5
2020-02-23 19:00:00,73.5,66.8
2020-02-23 20:00:00,76.3,65.7
2020-02-23 21:00:00,75.8,66.1
2020-02-23 22:00:00,78.1,66.1
2020-02-23 23:00:00,79.7,66.0
2020-02-24 00:00:00,83.2,65.7
2020-02-24 01:00:00,86.9,65.1
2020-02-24 02:00:00,88.7,65.2
2020-02-24 03:00:00,89.5,65.2
2020-02-24 04:00:00,89.9,64.9
2020-02-24 05:00:00,88.8,64.9
2020-02-24 06:00:00,89.9,64.0
2020-02-24 07:00:00,87.0,64.0
2020-02-24 08:00:00,74.6,63.0
2020-02-24 09:00:00,57.3,63.3
2020-02-24 10:00:00,46.0,63.7
2020-02-24 11:00:00,41.4,64.2
2020-02-24 12:00:00,37.4,65.1
2020-02-24 13:00:00,34.0,67.5
2020-02-24 14:00:00,30.7,68.7
2020-02-24 15:00:00,28.3,69.9
2020-02-24 16:00:00,28.6,69.6
2020-02-24 17:00:00,32.8,68.1
2020-02-24 18:00:00,40.7,64.1
2020-02-24 19:00:00,49.3,60.4
2020-02-24 20:00:00,54.2,57.7
2020-02-24 21:00:00,61.4,54.6
2020-02-24 22:00:00,67.3,52.6
2020-02-24 23:00:00,74.1,50.1
2020-02-25 00:00:00,73.5,49.2
2020-02-25 01:00:00,74.5,48.8
2020-02-25 02:00:00,74.7,48.6
2020-02-25 03:00:00,73.5,48.1
2020-02-25 04:00:00,70.2,49.4
2020-02-25 05:00:00,67.2,51.1
2020-02-25 06:00:00,69.9,50.0
2020-02-25 07:00:00,69.2,49.8
2020-02-25 08:00:00,63.4,52.2
2020-02-25 09:00:00,56.3,55.5
2020-02-25 10:00:00,51.0,58.3
2020-02-25 11:00:00,48.1,60.5
2020-02-25 12:00:00,43.7,62.9
2020-02-25 13:00:00,39.0,65.1
2020-02-25 14:00:00,34.9,67.2
2020-02-25 15:00:00,34.9,67.2
2020-02-25 16:00:00,35.8,65.2
2020-02-25 17:00:00,40.6,61.7
2020-02-25 18:00:00,41.8,59.1
2020-02-25 19:00:00,35.0,58.5
2020-02-25 20:00:00,28.9,57.9
2020-02-25 21:00:00,27.8,57.0
2020-02-25 22:00:00,25.4,56.5
2020-02-25 23:00:00,24.0,55.0
2020-02-26 00:00:00,24.0,53.2
2020-02-26 01:00:00,30.2,49.6
2020-02-26 02:00:00,39.1,46.1
2020-02-26 03:00:00,45.6,43.7
2020-02-26 04:00:00,50.8,41.9
2020-02-26 05:00:00,53.6,40.7
2020-02-26 06:00:00,53.8,40.0
2020-02-26 07:00:00,50.7,41.0
2020-02-26 08:00:00,44.7,43.3
2020-02-26 09:00:00,41.2,46.1
2020-02-26 10:00:00,38.8,47.6
2020-02-26 11:00:00,35.2,50.1
2020-02-26 12:00:00,31.8,52.1
2020-02-26 13:00:00,28.7,53.6
2020-02-26 14:00:00,25.6,54.8
2020-02-26 15:00:00,23.9,54.5
2020-02-26 16:00:00,24.3,53.5
2020-02-26 17:00:00,25.8,51.5
2020-02-26 18:00:00,28.6,49.6
2020-02-26 19:00:00,30.9,47.8
2020-02-26 20:00:00,34.1,46.1
2020-02-26 21:00:00,37.5,44.5
2020-02-26 22:00:00,42.5,42.1
2020-02-26 23:00:00,44.4,40.7
2020-02-27 00:00:00,54.2,37.2
2020-02-27 01:00:00,62.0,34.8
2020-02-27 02:00:00,73.7,32.4
2020-02-27 03:00:00,72.8,32.1
2020-02-27 04:00:00,64.7,34.2
2020-02-27 05:00:00,72.7,33.6
2020-02-27 06:00:00,74.6,33.0
2020-02-27 07:00:00,74.5,34.3
2020-02-27 08:00:00,57.6,41.2
2020-02-27 09:00:00,42.5,46.9
2020-02-27 10:00:00,30.7,52.2
2020-02-27 11:00:00,24.7,56.5
2020-02-27 12:00:00,20.5,59.2
2020-02-27 13:00:00,17.7,61.5
2020-02-27 14:00:00,16.4,62.8
2020-02-27 15:00:00,15.0,63.6
2020-02-27 16:00:00,14.9,63.6
2020-02-27 17:00:00,16.4,62.1
2020-02-27 18:00:00,23.8,57.3
2020-02-27 19:00:00,28.2,54.2
2020-02-27 20:00:00,30.5,51.4
2020-02-27 21:00:00,34.1,49.3
2020-02-27 22:00:00,38.7,47.1
2020-02-27 23:00:00,39.9,45.6
2020-02-28 00:00:00,44.1,44.2
2020-02-28 01:00:00,45.7,43.4
2020-02-28 02:00:00,42.2,43.9
2020-02-28 03:00:00,43.3,43.9
2020-02-28 04:00:00,42.4,44.7
2020-02-28 05:00:00,50.7,42.0
2020-02-28 06:00:00,54.6,40.7
2020-02-28 07:00:00,47.6,43.7
2020-02-28 08:00:00,43.9,47.5
2020-02-28 09:00:00,38.7,52.2
2020-02-28 10:00:00,29.1,58.8
2020-02-28 11:00:00,20.2,65.4
2020-02-28 12:00:00,17.8,68.8
2020-02-28 13:00:00,14.5,71.5
2020-02-28 14:00:00,14.2,72.9
2020-02-28 15:00:00,14.5,73.8
2020-02-28 16:00:00,16.2,71.8
2020-02-28 17:00:00,18.5,69.9
2020-02-28 18:00:00,22.4,67.1
2020-02-28 19:00:00,,65.1
2020-02-28 20:00:00,,61.2
2020-02-28 21:00:00,,58.9
2020-02-28 22:00:00,,56.0
2020-02-28 23:00:00,,53.5
2020-02-29 00:00:00,,52.4
2020-02-29 01:00:00,,51.0
2020-02-29 02:00:00,,50.2
2020-02-29 03:00:00,,49.7
2020-02-29 04:00:00,,49.5
2020-02-29 05:00:00,,48.4
2020-02-29 06:00:00,,47.1
2020-02-29 07:00:00,,48.6
2020-02-29 08:00:00,,52.9
2020-02-29 09:00:00,,58.5
2020-02-29 10:00:00,,66.0
2020-02-29 11:00:00,,70.3
2020-02-29 12:00:00,26.2,72.5
2020-02-29 13:00:00,23.9,74.3
2020-02-29 14:00:00,24.3,75.1
2020-02-29 15:00:00,28.5,74.7
2020-02-29 16:00:00,30.4,75.1
2020-02-29 17:00:00,35.9,72.1
2020-02-29 18:00:00,43.3,68.9
2020-02-29 19:00:00,46.7,66.5
2020-02-29 20:00:00,56.2,64.0
2020-02-29 21:00:00,66.3,62.2
2020-02-29 22:00:00,73.0,61.2
2020-02-29 23:00:00,76.6,60.5
2020-03-01 00:00:00,77.8,60.0
2020-03-01 01:00:00,78.3,59.8
2020-03-01 02:00:00,80.1,59.2
2020-03-01 03:00:00,82.8,58.5
2020-03-01 04:00:00,84.1,58.0
2020-03-01 05:00:00,84.9,58.6
2020-03-01 06:00:00,84.2,59.0
2020-03-01 07:00:00,86.1,59.2
2020-03-01 08:00:00,83.1,60.6
2020-03-01 09:00:00,79.9,62.5
2020-03-01 10:00:00,75.6,65.3
2020-03-01 11:00:00,71.1,67.8
2020-03-01 12:00:00,66.8,69.8
2020-03-01 13:00:00,61.8,72.1
2020-03-01 14:00:00,56.1,75.0
2020-03-01 15:00:00,53.9,76.2
2020-03-01 16:00:00,54.1,75.8
2020-03-01 17:00:00,55.2,74.4
2020-03-01 18:00:00,59.5,71.9
2020-03-01 19:00:00,67.9,70.5
2020-03-01 20:00:00,74.8,69.3
2020-03-01 21:00:00,79.6,68.4
2020-03-01 22:00:00,85.0,66.7
2020-03-01 23:00:00,87.2,66.0
2020-03-02 00:00:00,90.2,66.0
2020-03-02 01:00:00,89.9,66.0
2020-03-02 02:00:00,90.2,66.0
2020-03-02 03:00:00,90.4,66.0
2020-03-02 04:00:00,94.8,65.5
2020-03-02 05:00:00,91.5,65.9
2020-03-02 06:00:00,91.9,66.0
2020-03-02 07:00:00,91.3,65.9
2020-03-02 08:00:00,90.0,67.1
2020-03-02 09:00:00,85.6,68.5
2020-03-02 10:00:00,82.4,69.7
2020-03-02 11:00:00,77.1,70.9
2020-03-02 12:00:00,70.9,73.0
2020-03-02 13:00:00,60.8,75.4
2020-03-02 14:00:00,57.0,77.5
2020-03-02 15:00:00,56.9,77.2
2020-03-02 16:00:00,55.6,77.7
2020-03-02 17:00:00,58.6,76.0
2020-03-02 18:00:00,63.9,73.9
2020-03-02 19:00:00,68.3,71.9
2020-03-02 20:00:00,71.0,70.8
2020-03-02 21:00:00,72.8,71.1
2020-03-02 22:00:00,74.5,70.5
2020-03-02 23:00:00,79.5,68.6
2020-03-03 00:00:00,81.5,68.9
2020-03-03 01:00:00,81.9,68.8
2020-03-03 02:00:00,84.3,68.0
2020-03-03 03:00:00,84.7,67.8
2020-03-03 04:00:00,84.2,67.1
2020-03-03 05:00:00,87.4,65.8
2020-03-03 06:00:00,88.0,65.0
2020-03-03 07:00:00,88.9,65.2
2020-03-03 08:00:00,87.6,66.6
2020-03-03 09:00:00,83.9,68.7
2020-03-03 10:00:00,75.8,71.6
2020-03-03 11:00:00,69.1,73.9
2020-03-03 12:00:00,66.4,73.9
2020-03-03 13:00:00,69.2,73.6
2020-03-03 14:00:00,66.9,74.1
2020-03-03 15:00:00,66.4,74.0
2020-03-03 16:00:00,66.8,74.0
2020-03-03 17:00:00,68.4,74.0
2020-03-03 18:00:00,70.3,73.2
2020-03-03 19:00:00,69.8,72.0
2020-03-03 20:00:00,67.6,71.0
2020-03-03 21:00:00,68.7,70.8
2020-03-03 22:00:00,70.6,70.0
2020-03-03 23:00:00,73.1,69.0
2020-03-04 00:00:00,75.6,68.7
2020-03-04 01:00:00,78.4,68.0
2020-03-04 02:00:00,81.0,68.0
2020-03-04 03:00:00,82.2,67.7
2020-03-04 04:00:00,86.5,67.0
2020-03-04 05:00:00,89.2,66.4
2020-03-04 06:00:00,90.6,65.8
2020-03-04 07:00:00,88.9,64.7
2020-03-04 08:00:00,84.8,64.2
2020-03-04 09:00:00,76.5,62.7
2020-03-04 10:00:00,70.9,63.0
2020-03-04 11:00:00,70.7,62.2
2020-03-04 12:00:00,68.1,62.8
2020-03-04 13:00:00,66.1,63.5
2020-03-04 14:00:00,66.8,64.0
2020-03-04 15:00:00,72.3,62.6
2020-03-04 16:00:00,85.7,59.8
2020-03-04 17:00:00,87.4,58.0
2020-03-04 18:00:00,86.9,57.0
2020-03-04 19:00:00,86.6,56.4
2020-03-04 20:00:00,84.8,55.5
2020-03-04 21:00:00,85.6,54.5
2020-03-04 22:00:00,86.6,54.0
2020-03-04 23:00:00,85.9,54.0
2020-03-05 00:00:00,82.1,53.3
2020-03-05 01:00:00,81.9,51.6
2020-03-05 02:00:00,83.7,50.0
2020-03-05 03:00:00,82.5,50.0
2020-03-05 04:00:00,80.1,50.0
2020-03-05 05:00:00,82.9,49.0
2020-03-05 06:00:00,82.1,48.6
2020-03-05 07:00:00,82.9,49.1
2020-03-05 08:00:00,71.1,53.9
2020-03-05 09:00:00,58.7,59.3
2020-03-05 10:00:00,50.0,63.3
2020-03-05 11:00:00,46.0,66.7
2020-03-05 12:00:00,31.7,70.9
2020-03-05 13:00:00,27.2,73.0
2020-03-05 14:00:00,24.9,74.8
2020-03-05 15:00:00,23.9,75.8
2020-03-05 16:00:00,23.8,75.5
2020-03-05 17:00:00,22.8,73.2
2020-03-05 18:00:00,27.7,69.5
2020-03-05 19:00:00,35.9,64.7
2020-03-05 20:00:00,46.9,59.8
2020-03-05 21:00:00,58.8,55.8
2020-03-05 22:00:00,60.4,55.5
2020-03-05 23:00:00,62.5,55.8
2020-03-06 00:00:00,65.1,55.6
2020-03-06 01:00:00,67.0,54.0
2020-03-06 02:00:00,61.2,55.2
2020-03-06 03:00:00,48.7,58.0
2020-03-06 04:00:00,49.0,56.5
2020-03-06 05:00:00,42.2,55.4
2020-03-06 06:00:00,38.6,54.3
2020-03-06 07:00:00,35.2,54.6
2020-03-06 08:00:00,28.5,58.0
2020-03-06 09:00:00,24.2,61.1
2020-03-06 10:00:00,24.6,62.9
2020-03-06 11:00:00,21.0,65.5
2020-03-06 12:00:00,21.5,67.1
2020-03-06 13:00:00,20.5,68.6
2020-03-06 14:00:00,20.1,70.0
2020-03-06 15:00:00,18.1,70.5
2020-03-06 16:00:00,18.3,69.5
2020-03-06 17:00:00,21.7,66.8
2020-03-06 18:00:00,25.7,63.7
2020-03-06 19:00:00,29.8,60.9
2020-03-06 20:00:00,35.0,59.0
2020-03-06 21:00:00,43.4,55.5
2020-03-06 22:00:00,46.2,53.2
2020-03-06 23:00:00,52.4,50.6
2020-03-07 00:00:00,54.6,49.3
2020-03-07 01:00:00,55.3,48.6
2020-03-07 02:00:00,62.7,47.2
2020-03-07 03:00:00,68.3,46.4
2020-03-07 04:00:00,64.5,46.9
2020-03-07 05:00:00,64.0,47.5
2020-03-07 06:00:00,70.0,47.2
2020-03-07 07:00:00,58.8,50.1
2020-03-07 08:00:00,44.6,53.8
2020-03-07 09:00:00,46.5,54.0
2020-03-07 10:00:00,48.4,55.0
2020-03-07 11:00:00,50.7,56.1
2020-03-07 12:00:00,50.3,57.5
2020-03-07 13:00:00,49.0,59.4
2020-03-07 14:00:00,48.0,61.4
2020-03-07 15:00:00,48.1,62.0
2020-03-07 16:00:00,49.3,62.6
2020-03-07 17:00:00,47.7,61.7
2020-03-07 18:00:00,51.9,59.4
2020-03-07 19:00:00,59.1,57.1
2020-03-07 20:00:00,62.3,55.8
2020-03-07 21:00:00,64.5,54.8
2020-03-07 22:00:00,68.6,53.7
2020-03-07 23:00:00,73.1,53.1
2020-03-08 00:00:00,76.8,52.1
2020-03-08 01:00:00,80.0,51.0
2020-03-08 02:00:00,81.7,51.0
2020-03-08 03:00:00,83.8,51.0
2020-03-08 04:00:00,86.4,51.1
2020-03-08 05:00:00,88.3,51.5
2020-03-08 06:00:00,86.5,52.0
2020-03-08 07:00:00,85.9,53.1
2020-03-08 08:00:00,83.8,54.1
2020-03-08 09:00:00,77.1,57.8
2020-03-08 10:00:00,70.0,62.4
2020-03-08 11:00:00,63.8,66.7
2020-03-08 12:00:00,57.7,70.2
2020-03-08 13:00:00,51.9,72.6
2020-03-08 14:00:00,48.9,73.5
2020-03-08 15:00:00,47.8,73.5
2020-03-08 16:00:00,48.3,73.2
2020-03-08 17:00:00,51.8,71.7
2020-03-08 18:00:00,54.3,70.2
2020-03-08 19:00:00,58.4,68.6
2020-03-08 20:00:00,64.2,67.0
2020-03-08 21:00:00,69.8,65.4
2020-03-08 22:00:00,73.4,65.0
2020-03-08 23:00:00,75.4,65.0
2020-03-09 00:00:00,77.6,65.0
2020-03-09 01:00:00,78.2,65.0
2020-03-09 02:00:00,79.4,65.0
2020-03-09 03:00:00,81.1,65.0
2020-03-09 04:00:00,82.5,64.9
2020-03-09 05:00:00,84.2,64.9
2020-03-09 06:00:00,86.9,64.0
2020-03-09 07:00:00,88.2,64.1
2020-03-09 08:00:00,89.6,64.2
2020-03-09 09:00:00,90.4,64.3
2020-03-09 10:00:00,90.4,65.0
2020-03-09 11:00:00,91.4,65.3
2020-03-09 12:00:00,90.6,66.0
2020-03-09 13:00:00,91.5,66.4
2020-03-09 14:00:00,90.5,67.0
2020-03-09 15:00:00,91.5,67.0
2020-03-09 16:00:00,90.7,67.0
2020-03-09 17:00:00,90.6,66.9
2020-03-09 18:00:00,92.3,66.0
2020-03-09 19:00:00,93.0,65.2
2020-03-09 20:00:00,92.1,65.4
2020-03-09 21:00:00,92.0,65.0
2020-03-09 22:00:00,92.0,64.5
2020-03-09 23:00:00,92.9,64.1
2020-03-10 00:00:00,90.6,64.0
2020-03-10 01:00:00,91.0,63.5
2020-03-10 02:00:00,91.5,62.1
2020-03-10 03:00:00,92.1,61.6
2020-03-10 04:00:00,91.8,60.2
2020-03-10 05:00:00,92.6,59.8
2020-03-10 06:00:00,94.4,60.7
2020-03-10 07:00:00,95.1,61.2
2020-03-10 08:00:00,95.0,62.8
2020-03-10 09:00:00,89.8,66.2
2020-03-10 10:00:00,79.1,69.6
2020-03-10 11:00:00,73.5,71.4
2020-03-10 12:00:00,67.8,73.4
2020-03-10 13:00:00,61.3,76.5
2020-03-10 14:00:00,56.6,78.9
2020-03-10 15:00:00,53.4,80.0
2020-03-10 16:00:00,53.1,80.4
2020-03-10 17:00:00,56.8,78.3
2020-03-10 18:00:00,62.8,75.5
2020-03-10 19:00:00,67.0,73.6
2020-03-10 20:00:00,69.0,73.0
2020-03-10 21:00:00,72.7,72.4
2020-03-10 22:00:00,77.3,70.5
2020-03-10 23:00:00,81.1,69.1
2020-03-11 00:00:00,81.5,69.0
2020-03-11 01:00:00,82.0,67.9
2020-03-11 02:00:00,83.9,67.1
2020-03-11 03:00:00,86.8,65.7
2020-03-11 04:00:00,87.4,64.9
2020-03-11 05:00:00,88.0,63.9
2020-03-11 06:00:00,89.1,64.1
2020-03-11 07:00:00,88.4,65.4
2020-03-11 08:00:00,88.0,66.0
2020-03-11 09:00:00,79.0,70.3
2020-03-11 10:00:00,69.0,74.6
2020-03-11 11:00:00,63.3,76.8
2020-03-11 12:00:00,56.6,80.5
2020-03-11 13:00:00,53.1,82.3
2020-03-11 14:00:00,50.0,83.7
2020-03-11 15:00:00,49.7,83.1
2020-03-11 16:00:00,48.3,83.1
2020-03-11 17:00:00,49.2,81.5
2020-03-11 18:00:00,51.5,79.8
2020-03-11 19:00:00,56.6,77.5
2020-03-11 20:00:00,59.4,76.2
2020-03-11 21:00:00,67.1,73.5
2020-03-11 22:00:00,72.3,71.4
2020-03-11 23:00:00,77.3,69.4
2020-03-12 00:00:00,79.6,69.0
2020-03-12 01:00:00,80.5,69.0
2020-03-12 02:00:00,80.3,68.9
2020-03-12 03:00:00,79.4,68.0
2020-03-12 04:00:00,81.3,68.0
2020-03-12 05:00:00,81.3,68.0
2020-03-12 06:00:00,79.8,68.0
2020-03-12 07:00:00,80.1,68.2
2020-03-12 08:00:00,75.7,70.0
2020-03-12 09:00:00,67.1,73.8
2020-03-12 10:00:00,60.0,77.0
2020-03-12 11:00:00,53.8,80.5
2020-03-12 12:00:00,50.5,82.5
2020-03-12 13:00:00,47.9,84.6
2020-03-12 14:00:00,45.5,85.9
2020-03-12 15:00:00,45.1,85.8
2020-03-12 16:00:00,45.2,85.5
2020-03-12 17:00:00,47.6,83.7
2020-03-12 18:00:00,52.0,81.2
2020-03-12 19:00:00,57.5,78.2
2020-03-12 20:00:00,63.8,75.1
2020-03-12 21:00:00,68.1,73.1
2020-03-12 22:00:00,72.1,71.5
2020-03-12 23:00:00,75.4,70.2
2020-03-13 00:00:00,76.1,70.0
2020-03-13 01:00:00,77.9,69.2
2020-03-13 02:00:00,78.9,69.0
2020-03-13 03:00:00,80.4,69.0
2020-03-13 04:00:00,78.5,69.0
2020-03-13 05:00:00,79.3,69.0
2020-03-13 06:00:00,80.7,69.2
2020-03-13 07:00:00,78.9,69.9
2020-03-13 08:00:00,78.6,70.9
2020-03-13 09:00:00,75.3,72.3
2020-03-13 10:00:00,68.4,75.3
2020-03-13 11:00:00,66.5,75.2
2020-03-13 12:00:00,62.0,76.2
2020-03-13 13:00:00,56.5,79.1
2020-03-13 14:00:00,49.1,82.5
2020-03-13 15:00:00,48.7,82.5
2020-03-13 16:00:00,50.0,81.9
2020-03-13 17:00:00,53.9,80.4
2020-03-13 18:00:00,59.4,78.2
2020-03-13 19:00:00,66.0,75.8
2020-03-13 20:00:00,71.2,74.5
2020-03-13 21:00:00,71.6,73.8
2020-03-13 22:00:00,74.2,72.7
2020-03-13 23:00:00,76.0,72.0
2020-03-14 00:00:00,76.0,72.0
2020-03-14 01:00:00,76.0,72.0
2020-03-14 02:00:00,76.7,71.8
2020-03-14 03:00:00,81.3,71.0
2020-03-14 04:00:00,81.5,71.0
2020-03-14 05:00:00,82.5,71.0
2020-03-14 06:00:00,84.1,71.0
2020-03-14 07:00:00,82.1,71.8
2020-03-14 08:00:00,80.8,72.3
2020-03-14 09:00:00,78.1,73.5
2020-03-14 10:00:00,73.4,76.0
2020-03-14 11:00:00,64.8,79.4
2020-03-14 12:00:00,58.3,82.1
2020-03-14 13:00:00,57.5,82.2
2020-03-14 14:00:00,53.6,83.2
2020-03-14 15:00:00,53.6,82.4
2020-03-14 16:00:00,52.4,82.3
2020-03-14 17:00:00,52.2,81.6
2020-03-14 18:00:00,53.8,80.1
2020-03-14 19:00:00,58.0,78.5
2020-03-14 20:00:00,62.7,76.6
2020-03-14 21:00:00,67.4,74.5
2020-03-14 22:00:00,69.9,73.3
2020-03-14 23:00:00,72.6,69.5
2020-03-15 00:00:00,75.1,67.8
2020-03-15 01:00:00,77.1,66.2
2020-03-15 02:00:00,79.2,64.8
2020-03-15 03:00:00,83.1,63.9
2020-03-15 04:00:00,85.0,63.0
2020-03-15 05:00:00,84.6,62.7
2020-03-15 06:00:00,86.4,61.6
2020-03-15 07:00:00,85.5,60.6
2020-03-15 08:00:00,87.7,59.7
2020-03-15 09:00:00,87.7,58.8
2020-03-15 10:00:00,86.5,59.0
2020-03-15 11:00:00,86.0,59.2
2020-03-15 12:00:00,88.2,59.3
2020-03-15 13:00:00,88.1,60.2
2020-03-15 14:00:00,86.6,61.1
2020-03-15 15:00:00,85.8,61.5
2020-03-15 16:00:00,85.9,62.0
2020-03-15 17:00:00,86.4,61.9
2020-03-15 18:00:00,87.0,62.0
2020-03-15 19:00:00,88.3,61.6
2020-03-15 20:00:00,90.1,61.0
2020-03-15 21:00:00,90.2,61.0
2020-03-15 22:00:00,90.1,60.9
2020-03-15 23:00:00,90.6,60.9
2020-03-16 00:00:00,90.1,61.0
2020-03-16 01:00:00,89.8,61.1
2020-03-16 02:00:00,90.2,61.0
2020-03-16 03:00:00,90.9,60.8
2020-03-16 04:00:00,93.5,60.0
2020-03-16 05:00:00,95.0,59.5
2020-03-16 06:00:00,95.4,58.6
2020-03-16 07:00:00,93.1,59.0
2020-03-16 08:00:00,90.7,60.5
2020-03-16 09:00:00,89.1,62.5
2020-03-16 10:00:00,88.0,63.8
2020-03-16 11:00:00,82.2,66.2
2020-03-16 12:00:00,77.5,68.4
2020-03-16 13:00:00,75.3,69.7
2020-03-16 14:00:00,72.1,71.3
2020-03-16 15:00:00,69.2,72.8
2020-03-16 16:00:00,67.8,73.3
2020-03-16 17:00:00,70.2,73.0
2020-03-16 18:00:00,73.7,71.9
2020-03-16 19:00:00,75.3,71.2
2020-03-16 20:00:00,75.9,71.0
2020-03-16 21:00:00,77.0,70.6
2020-03-16 22:00:00,80.7,70.0
2020-03-16 23:00:00,86.5,69.0
2020-03-17 00:00:00,87.3,69.0
2020-03-17 01:00:00,87.3,69.0
2020-03-17 02:00:00,87.3,69.0
2020-03-17 03:00:00,87.3,69.0
2020-03-17 04:00:00,87.3,69.0
2020-03-17 05:00:00,86.9,68.9
2020-03-17 06:00:00,90.2,68.1
2020-03-17 07:00:00,89.7,68.2
2020-03-17 08:00:00,85.4,69.2
2020-03-17 09:00:00,79.2,71.4
2020-03-17 10:00:00,72.3,73.4
2020-03-17 11:00:00,70.3,74.5
2020-03-17 12:00:00,67.7,76.5
2020-03-17 13:00:00,62.4,78.6
2020-03-17 14:00:00,63.8,78.5
2020-03-17 15:00:00,58.7,80.3
2020-03-17 16:00:00,64.3,76.6
2020-03-17 17:00:00,75.8,74.2
2020-03-17 18:00:00,79.2,73.3
2020-03-17 19:00:00,84.5,72.0
2020-03-17 20:00:00,82.5,72.0
2020-03-17 21:00:00,81.9,71.9
2020-03-17 22:00:00,79.3,71.9
2020-03-17 23:00:00,81.5,71.0
2020-03-18 00:00:00,81.5,71.0
2020-03-18 01:00:00,81.5,71.0
2020-03-18 02:00:00,81.4,71.0
2020-03-18 03:00:00,83.1,70.1
2020-03-18 04:00:00,84.4,70.0
2020-03-18 05:00:00,81.7,70.9
2020-03-18 06:00:00,82.6,70.6
2020-03-18 07:00:00,81.8,71.3
2020-03-18 08:00:00,79.0,72.8
2020-03-18 09:00:00,77.2,73.7
2020-03-18 10:00:00,72.1,75.4
2020-03-18 11:00:00,66.1,77.8
2020-03-18 12:00:00,61.3,79.8
2020-03-18 13:00:00,62.3,79.8
2020-03-18 14:00:00,59.0,81.0
2020-03-18 15:00:00,56.9,81.5
2020-03-18 16:00:00,55.5,81.9
2020-03-18 17:00:00,58.9,80.5
2020-03-18 18:00:00,59.8,79.1
2020-03-18 19:00:00,65.3,76.4
2020-03-18 20:00:00,68.3,74.3
2020-03-18 21:00:00,73.2,73.1
2020-03-18 22:00:00,75.5,72.2
2020-03-18 23:00:00,77.6,71.8
2020-03-19 00:00:00,81.5,71.0
2020-03-19 01:00:00,81.5,71.0
2020-03-19 02:00:00,81.5,71.0
2020-03-19 03:00:00,80.0,71.0
2020-03-19 04:00:00,82.4,70.6
2020-03-19 05:00:00,82.7,70.8
2020-03-19 06:00:00,87.2,70.0
2020-03-19 07:00:00,85.9,70.5
2020-03-19 08:00:00,80.2,72.8
2020-03-19 09:00:00,76.0,74.3
2020-03-19 10:00:00,73.5,75.1
2020-03-19 11:00:00,71.2,76.1
2020-03-19 12:00:00,69.0,77.4
2020-03-19 13:00:00,63.8,80.2
2020-03-19 14:00:00,60.2,82.1
2020-03-19 15:00:00,59.4,82.6
2020-03-19 16:00:00,61.5,81.4
2020-03-19 17:00:00,63.0,80.4
2020-03-19 18:00:00,67.1,77.9
2020-03-19 19:00:00,71.4,76.8
2020-03-19 20:00:00,73.6,76.0
2020-03-19 21:00:00,76.1,75.0
2020-03-19 22:00:00,81.7,73.5
2020-03-19 23:00:00,86.0,72.1
2020-03-20 00:00:00,89.8,71.0
2020-03-20 01:00:00,90.5,71.0
2020-03-20 02:00:00,92.8,70.3
2020-03-20 03:00:00,91.7,70.2
2020-03-20 04:00:00,90.5,69.7
2020-03-20 05:00:00,87.8,59.2
2020-03-20 06:00:00,86.7,57.0
2020-03-20 07:00:00,85.8,57.4
2020-03-20 08:00:00,85.7,57.7
2020-03-20 09:00:00,85.7,57.8
2020-03-20 10:00:00,87.3,57.8
2020-03-20 11:00:00,86.6,58.1
2020-03-20 12:00:00,89.5,56.8
2020-03-20 13:00:00,88.5,56.2
2020-03-20 14:00:00,88.0,56.0
2020-03-20 15:00:00,86.9,53.6
2020-03-20 16:00:00,82.9,53.2
2020-03-20 17:00:00,79.3,54.0
2020-03-20 18:00:00,78.0,54.0
2020-03-20 19:00:00,77.4,54.0
2020-03-20 20:00:00,75.3,54.0
2020-03-20 21:00:00,70.0,53.2
2020-03-20 22:00:00,69.6,52.9
2020-03-20 23:00:00,70.7,52.0
2020-03-21 00:00:00,69.6,51.7
2020-03-21 01:00:00,71.4,51.0
2020-03-21 02:00:00,71.4,50.0
2020-03-21 03:00:00,73.2,49.3
2020-03-21 04:00:00,72.2,49.0
2020-03-21 05:00:00,71.2,49.0
2020-03-21 06:00:00,71.4,49.0
2020-03-21 07:00:00,72.8,48.6
2020-03-21 08:00:00,74.1,49.0
2020-03-21 09:00:00,74.5,49.3
2020-03-21 10:00:00,72.9,51.0
2020-03-21 11:00:00,70.0,53.7
2020-03-21 12:00:00,70.3,54.5
2020-03-21 13:00:00,73.7,54.2
2020-03-21 14:00:00,83.0,53.0
2020-03-21 15:00:00,86.8,53.0
2020-03-21 16:00:00,89.2,53.2
2020-03-21 17:00:00,91.0,53.5
2020-03-21 18:00:00,89.9,54.0
2020-03-21 19:00:00,90.1,53.5
2020-03-21 20:00:00,90.8,53.0
2020-03-21 21:00:00,92.2,53.3
2020-03-21 22:00:00,91.4,54.0
2020-03-21 23:00:00,93.2,54.0
2020-03-22 00:00:00,92.2,54.3
2020-03-22 01:00:00,92.8,54.8
2020-03-22 02:00:00,93.5,55.4
2020-03-22 03:00:00,91.6,56.0
2020-03-22 04:00:00,93.4,56.0
2020-03-22 05:00:00,93.4,56.0
2020-03-22 06:00:00,93.4,56.0
2020-03-22 07:00:00,92.5,56.7
2020-03-22 08:00:00,92.3,57.3
2020-03-22 09:00:00,92.1,58.0
2020-03-22 10:00:00,90.8,59.4
2020-03-22 11:00:00,89.2,60.6
2020-03-22 12:00:00,88.3,61.6
2020-03-22 13:00:00,88.8,62.0
2020-03-22 14:00:00,87.9,62.8
2020-03-22 15:00:00,83.6,65.2
2020-03-22 16:00:00,82.0,66.6
2020-03-22 17:00:00,84.2,66.0
2020-03-22 18:00:00,85.0,65.8
2020-03-22 19:00:00,85.7,65.5
2020-03-22 20:00:00,87.3,65.0
2020-03-22 21:00:00,89.1,64.4
2020-03-22 22:00:00,88.6,64.5
2020-03-22 23:00:00,89.8,65.0
2020-03-23 00:00:00,89.2,65.0
2020-03-23 01:00:00,89.7,65.0
2020-03-23 02:00:00,90.3,65.0
2020-03-23 03:00:00,90.7,64.9
2020-03-23 04:00:00,90.6,64.9
2020-03-23 05:00:00,91.8,65.0
2020-03-23 06:00:00,91.9,65.1
2020-03-23 07:00:00,92.6,65.5
2020-03-23 08:00:00,91.9,67.4
2020-03-23 09:00:00,90.6,68.9
2020-03-23 10:00:00,87.5,70.7
2020-03-23 11:00:00,78.0,74.3
2020-03-23 12:00:00,67.7,77.7
2020-03-23 13:00:00,65.0,78.5
2020-03-23 14:00:00,61.3,80.4
2020-03-23 15:00:00,59.2,81.1
2020-03-23 16:00:00,54.8,82.3
2020-03-23 17:00:00,57.8,80.8
2020-03-23 18:00:00,64.2,79.0
2020-03-23 19:00:00,71.1,77.0
2020-03-23 20:00:00,77.3,74.6
2020-03-23 21:00:00,78.7,73.2
2020-03-23 22:00:00,77.2,72.9
2020-03-23 23:00:00,79.7,71.6
2020-03-24 00:00:00,80.2,70.6
2020-03-24 01:00:00,81.4,70.0
2020-03-24 02:00:00,82.2,69.7
2020-03-24 03:00:00,86.6,68.2
2020-03-24 04:00:00,86.6,68.2
2020-03-24 05:00:00,87.4,68.0
2020-03-24 06:00:00,89.8,67.2
2020-03-24 07:00:00,89.1,68.0
2020-03-24 08:00:00,83.3,70.8
2020-03-24 09:00:00,77.3,73.5
2020-03-24 10:00:00,67.2,77.5
2020-03-24 11:00:00,52.1,82.9
2020-03-24 12:00:00,38.2,86.1
2020-03-24 13:00:00,29.8,88.7
2020-03-24 14:00:00,22.9,90.5
2020-03-24 15:00:00,16.3,91.2
2020-03-24 16:00:00,14.4,90.2
2020-03-24 17:00:00,16.6,87.8
2020-03-24 18:00:00,22.9,82.4
2020-03-24 19:00:00,37.7,73.6
2020-03-24 20:00:00,29.8,75.2
2020-03-24 21:00:00,42.4,68.3
2020-03-24 22:00:00,62.0,62.8
2020-03-24 23:00:00,59.6,62.7
2020-03-25 00:00:00,63.0,60.8
2020-03-25 01:00:00,72.0,58.4
2020-03-25 02:00:00,68.6,58.3
2020-03-25 03:00:00,74.9,57.0
2020-03-25 04:00:00,76.7,57.1
2020-03-25 05:00:00,77.8,57.6
2020-03-25 06:00:00,81.8,57.1
2020-03-25 07:00:00,81.3,59.5
2020-03-25 08:00:00,88.5,63.8
2020-03-25 09:00:00,77.2,71.9
2020-03-25 10:00:00,66.3,78.7
2020-03-25 11:00:00,56.8,83.1
2020-03-25 12:00:00,47.2,86.7
2020-03-25 13:00:00,38.5,89.5
2020-03-25 14:00:00,36.2,90.0
2020-03-25 15:00:00,39.1,89.7
2020-03-25 16:00:00,42.4,88.6
2020-03-25 17:00:00,47.0,85.9
2020-03-25 18:00:00,55.8,82.6
2020-03-25 19:00:00,66.3,80.0
2020-03-25 20:00:00,69.4,77.8
2020-03-25 21:00:00,72.5,76.4
2020-03-25 22:00:00,73.4,74.3
2020-03-25 23:00:00,79.4,71.8
2020-03-26 00:00:00,84.7,69.9
2020-03-26 01:00:00,85.5,68.7
2020-03-26 02:00:00,84.5,68.9
2020-03-26 03:00:00,86.0,67.9
2020-03-26 04:00:00,88.9,67.0
2020-03-26 05:00:00,87.3,68.0
2020-03-26 06:00:00,85.4,68.6
2020-03-26 07:00:00,83.0,69.5
2020-03-26 08:00:00,81.6,70.7
2020-03-26 09:00:00,75.9,73.6
2020-03-26 10:00:00,67.1,78.0
2020-03-26 11:00:00,60.2,82.0
2020-03-26 12:00:00,59.2,82.8
2020-03-26 13:00:00,55.3,85.0
2020-03-26 14:00:00,52.9,86.4
2020-03-26 15:00:00,50.6,86.8
2020-03-26 16:00:00,48.2,87.0
2020-03-26 17:00:00,48.1,85.2
2020-03-26 18:00:00,49.8,82.7
2020-03-26 19:00:00,61.7,80.2
2020-03-26 20:00:00,72.5,77.0
2020-03-26 21:00:00,76.8,74.8
2020-03-26 22:00:00,79.4,73.1
2020-03-26 23:00:00,82.4,71.7
2020-03-27 00:00:00,84.1,71.0
2020-03-27 01:00:00,83.3,70.4
2020-03-27 02:00:00,81.5,71.0
2020-03-27 03:00:00,81.5,71.0
2020-03-27 04:00:00,81.5,71.0
2020-03-27 05:00:00,81.5,71.0
2020-03-27 06:00:00,83.0,71.0
2020-03-27 07:00:00,83.0,71.5
2020-03-27 08:00:00,77.9,73.3
2020-03-27 09:00:00,73.3,75.2
2020-03-27 10:00:00,65.9,79.8
2020-03-27 11:00:00,57.0,84.3
2020-03-27 12:00:00,54.3,84.9
2020-03-27 13:00:00,52.4,86.0
2020-03-27 14:00:00,48.9,87.8
2020-03-27 15:00:00,48.2,87.8
2020-03-27 16:00:00,49.8,87.0
2020-03-27 17:00:00,52.6,85.2
2020-03-27 18:00:00,52.9,83.0
2020-03-27 19:00:00,58.0,80.8
2020-03-27 20:00:00,63.7,78.6
2020-03-27 21:00:00,73.1,76.6
2020-03-27 22:00:00,78.3,75.6
2020-03-27 23:00:00,81.7,75.0
2020-03-28 00:00:00,83.1,74.5
2020-03-28 01:00:00,84.0,74.0
2020-03-28 02:00:00,82.7,73.9
2020-03-28 03:00:00,82.1,73.9
2020-03-28 04:00:00,85.6,73.5
2020-03-28 05:00:00,87.5,73.0
2020-03-28 06:00:00,87.5,73.0
2020-03-28 07:00:00,87.5,73.0
2020-03-28 08:00:00,82.2,70.5
2020-03-28 09:00:00,73.7,64.8
2020-03-28 10:00:00,72.8,66.4
2020-03-28 11:00:00,52.5,72.4
2020-03-28 12:00:00,28.9,77.5
2020-03-28 13:00:00,21.9,79.3
2020-03-28 14:00:00,20.2,79.8
2020-03-28 15:00:00,17.0,78.2
2020-03-28 16:00:00,17.8,76.5
2020-03-28 17:00:00,21.6,74.0
2020-03-28 18:00:00,31.2,70.6
2020-03-28 19:00:00,40.8,65.1
2020-03-28 20:00:00,48.0,61.6
2020-03-28 21:00:00,53.6,58.8
2020-03-28 22:00:00,54.4,58.4
2020-03-28 23:00:00,61.2,56.1
2020-03-29 00:00:00,67.4,55.5
2020-03-29 01:00:00,74.3,52.9
2020-03-29 02:00:00,79.9,51.3
2020-03-29 03:00:00,77.3,51.3
2020-03-29 04:00:00,71.4,52.3
2020-03-29 05:00:00,54.2,55.3
2020-03-29 06:00:00,55.5,54.9
2020-03-29 07:00:00,57.4,57.0
2020-03-29 08:00:00,45.1,64.2
2020-03-29 09:00:00,40.6,69.8
2020-03-29 10:00:00,22.7,76.2
2020-03-29 11:00:00,19.0,77.2
2020-03-29 12:00:00,18.5,78.5
2020-03-29 13:00:00,21.7,78.5
2020-03-29 14:00:00,23.3,77.5
2020-03-29 15:00:00,24.8,78.1
2020-03-29 16:00:00,25.8,76.5
2020-03-29 17:00:00,29.2,74.6
2020-03-29 18:00:00,32.7,73.0
2020-03-29 19:00:00,37.7,71.8
2020-03-29 20:00:00,39.1,71.0
2020-03-29 21:00:00,41.7,69.8
2020-03-29 22:00:00,46.1,69.0
2020-03-29 23:00:00,47.2,68.7
2020-03-30 00:00:00,51.1,67.7
2020-03-30 01:00:00,54.8,67.0
2020-03-30 02:00:00,55.2,67.1
2020-03-30 03:00:00,54.5,67.0
2020-03-30 04:00:00,56.0,66.1
2020-03-30 05:00:00,54.6,66.0
2020-03-30 06:00:00,57.8,66.3
2020-03-30 07:00:00,69.8,66.0
2020-03-30 08:00:00,75.3,65.5
2020-03-30 09:00:00,80.4,65.0
2020-03-30 10:00:00,86.5,64.7
2020-03-30 11:00:00,89.7,65.5
2020-03-30 12:00:00,90.1,66.5
2020-03-30 13:00:00,90.4,67.0
2020-03-30 14:00:00,90.1,67.8
2020-03-30 15:00:00,90.2,68.3
2020-03-30 16:00:00,90.6,69.3
2020-03-30 17:00:00,90.0,69.5
2020-03-30 18:00:00,90.8,69.9
2020-03-30 19:00:00,91.8,69.1
2020-03-30 20:00:00,91.7,68.5
2020-03-30 21:00:00,92.6,67.8
2020-03-30 22:00:00,92.8,67.8
2020-03-30 23:00:00,93.4,67.1
2020-03-31 00:00:00,92.4,66.2
2020-03-31 01:00:00,90.8,65.4
2020-03-31 02:00:00,89.0,63.7
2020-03-31 03:00:00,91.0,61.1
2020-03-31 04:00:00,85.5,60.1
2020-03-31 05:00:00,80.7,58.5
2020-03-31 06:00:00,86.9,58.4
2020-03-31 07:00:00,82.1,60.0
2020-03-31 08:00:00,79.3,59.2
2020-03-31 09:00:00,74.0,60.8
2020-03-31 10:00:00,59.6,66.6
2020-03-31 11:00:00,52.9,69.2
2020-03-31 12:00:00,,
2020-03-31 13:00:00,45.5,72.9
2020-03-31 14:00:00,44.3,73.3
2020-03-31 15:00:00,41.9,74.0
2020-03-31 16:00:00,40.5,74.5
2020-03-31 17:00:00,43.6,72.8
2020-03-31 18:00:00,53.6,68.4
2020-03-31 19:00:00,62.8,64.7
2020-03-31 20:00:00,67.0,62.3
2020-03-31 21:00:00,69.6,60.3
2020-03-31 22:00:00,75.8,57.7
2020-03-31 23:00:00,77.8,56.9
2020-04-01 00:00:00,76.0,56.9
2020-04-01 01:00:00,81.9,54.5
2020-04-01 02:00:00,83.4,54.0
2020-04-01 03:00:00,82.6,53.4
2020-04-01 04:00:00,84.2,52.2
2020-04-01 05:00:00,84.9,51.5
2020-04-01 06:00:00,85.1,51.7
2020-04-01 07:00:00,78.5,55.6
2020-04-01 08:00:00,67.6,60.0
2020-04-01 09:00:00,59.8,63.0
2020-04-01 10:00:00,53.9,67.2
2020-04-01 11:00:00,48.6,70.6
2020-04-01 12:00:00,46.1,73.4
2020-04-01 13:00:00,42.5,75.7
2020-04-01 14:00:00,42.1,77.2
2020-04-01 15:00:00,41.2,77.2
2020-04-01 16:00:00,41.6,77.3
2020-04-01 17:00:00,42.4,75.7
2020-04-01 18:00:00,47.0,72.9
2020-04-01 19:00:00,51.2,71.3
2020-04-01 20:00:00,55.0,69.8
2020-04-01 21:00:00,59.9,67.4
2020-04-01 22:00:00,65.1,65.0
2020-04-01 23:00:00,71.7,63.3
2020-04-02 00:00:00,76.3,62.6
2020-04-02 01:00:00,78.0,62.0
2020-04-02 02:00:00,76.5,62.5
2020-04-02 03:00:00,77.0,63.0
2020-04-02 04:00:00,78.9,62.7
2020-04-02 05:00:00,78.7,62.8
2020-04-02 06:00:00,79.9,62.9
2020-04-02 07:00:00,81.0,63.0
2020-04-02 08:00:00,80.1,64.1
2020-04-02 09:00:00,79.0,65.5
2020-04-02 10:00:00,76.5,67.9
2020-04-02 11:00:00,76.9,68.7
2020-04-02 12:00:00,80.6,68.6
2020-04-02 13:00:00,80.1,69.6
2020-04-02 14:00:00,81.8,69.7
2020-04-02 15:00:00,86.0,69.5
2020-04-02 16:00:00,90.0,69.0
2020-04-02 17:00:00,89.8,68.3
2020-04-02 18:00:00,89.5,67.5
2020-04-02 19:00:00,90.9,67.0
2020-04-02 20:00:00,87.8,67.8
2020-04-02 21:00:00,88.4,67.7
2020-04-02 22:00:00,88.9,67.5
2020-04-02 23:00:00,89.3,67.4
2020-04-03 00:00:00,92.9,67.0
2020-04-03 01:00:00,92.8,67.3
2020-04-03 02:00:00,91.1,68.0
2020-04-03 03:00:00,92.9,68.2
2020-04-03 04:00:00,93.7,68.0
2020-04-03 05:00:00,93.7,68.0
2020-04-03 06:00:00,93.7,68.0
2020-04-03 07:00:00,91.9,69.0
2020-04-03 08:00:00,92.8,69.1
2020-04-03 09:00:00,90.7,70.0
2020-04-03 10:00:00,91.6,69.7
2020-04-03 11:00:00,90.9,71.0
2020-04-03 12:00:00,87.9,71.9
2020-04-03 13:00:00,85.1,73.1
2020-04-03 14:00:00,84.4,68.0
2020-04-03 15:00:00,90.0,54.9
2020-04-03 16:00:00,90.2,52.7
2020-04-03 17:00:00,89.4,51.2
2020-04-03 18:00:00,87.8,49.9
2020-04-03 19:00:00,86.6,49.1
2020-04-03 20:00:00,89.1,48.1
2020-04-03 21:00:00,88.5,47.8
2020-04-03 22:00:00,89.1,47.4
2020-04-03 23:00:00,89.6,46.5
2020-04-04 00:00:00,89.4,46.0
2020-04-04 01:00:00,88.6,46.0
2020-04-04 02:00:00,88.8,46.0
2020-04-04 03:00:00,89.4,45.1
2020-04-04 04:00:00,89.3,45.1
2020-04-04 05:00:00,89.7,45.5
2020-04-04 06:00:00,89.8,45.6
2020-04-04 07:00:00,88.7,45.5
2020-04-04 08:00:00,88.2,46.0
2020-04-04 09:00:00,88.8,46.7
2020-04-04 10:00:00,87.0,48.0
2020-04-04 11:00:00,88.4,48.0
2020-04-04 12:00:00,89.6,48.0
2020-04-04 13:00:00,88.0,48.2
2020-04-04 14:00:00,87.1,48.1
2020-04-04 15:00:00,88.5,49.0
2020-04-04 16:00:00,88.9,49.2
2020-04-04 17:00:00,88.9,50.4
2020-04-04 18:00:00,89.4,51.1
2020-04-04 19:00:00,88.6,51.5
2020-04-04 20:00:00,89.0,51.8
2020-04-04 21:00:00,89.8,52.0
2020-04-04 22:00:00,90.1,52.1
2020-04-04 23:00:00,90.3,52.6
2020-04-05 00:00:00,89.8,52.0
2020-04-05 01:00:00,93.0,51.0
2020-04-05 02:00:00,89.9,51.0
2020-04-05 03:00:00,89.8,51.0
2020-04-05 04:00:00,88.8,51.0
2020-04-05 05:00:00,89.8,51.0
2020-04-05 06:00:00,89.5,51.1
2020-04-05 07:00:00,87.9,52.1
2020-04-05 08:00:00,85.2,54.2
2020-04-05 09:00:00,81.8,56.6
2020-04-05 10:00:00,76.0,60.9
2020-04-05 11:00:00,76.4,61.5
2020-04-05 12:00:00,74.1,63.3
2020-04-05 13:00:00,72.0,65.5
2020-04-05 14:00:00,71.8,65.7
2020-04-05 15:00:00,71.8,66.2
2020-04-05 16:00:00,72.2,66.4
2020-04-05 17:00:00,75.3,65.8
2020-04-05 18:00:00,77.1,65.5
2020-04-05 19:00:00,79.4,65.0
2020-04-05 20:00:00,81.8,64.8
2020-04-05 21:00:00,84.3,63.9
2020-04-05 22:00:00,86.6,63.0
2020-04-05 23:00:00,85.0,63.7
2020-04-06 00:00:00,87.5,62.9
2020-04-06 01:00:00,89.3,62.2
2020-04-06 02:00:00,87.9,62.7
2020-04-06 03:00:00,88.0,62.7
2020-04-06 04:00:00,90.1,62.0
2020-04-06 05:00:00,88.9,62.0
2020-04-06 06:00:00,89.3,62.3
2020-04-06 07:00:00,86.1,63.4
2020-04-06 08:00:00,82.6,65.3
2020-04-06 09:00:00,75.2,69.4
2020-04-06 10:00:00,69.7,73.8
2020-04-06 11:00:00,65.3,76.8
2020-04-06 12:00:00,62.2,78.6
2020-04-06 13:00:00,67.2,76.9
2020-04-06 14:00:00,70.7,76.1
2020-04-06 15:00:00,68.5,77.3
2020-04-06 16:00:00,70.6,76.8
2020-04-06 17:00:00,71.6,75.8
2020-04-06 18:00:00,75.0,74.5
2020-04-06 19:00:00,80.4,73.4
2020-04-06 20:00:00,82.8,72.6
2020-04-06 21:00:00,87.4,71.0
2020-04-06 22:00:00,87.9,70.8
2020-04-06 23:00:00,89.6,69.7
2020-04-07 00:00:00,90.5,70.0
2020-04-07 01:00:00,93.6,70.0
2020-04-07 02:00:00,92.9,70.3
2020-04-07 03:00:00,92.8,70.3
2020-04-07 04:00:00,91.9,70.5
2020-04-07 05:00:00,87.6,70.9
2020-04-07 06:00:00,87.9,70.8
2020-04-07 07:00:00,86.6,72.0
2020-04-07 08:00:00,83.3,73.3
2020-04-07 09:00:00,76.9,76.0
2020-04-07 10:00:00,72.4,78.7
2020-04-07 11:00:00,64.5,83.0
2020-04-07 12:00:00,,
2020-04-07 13:00:00,59.0,87.4
2020-04-07 14:00:00,56.1,87.8
2020-04-07 15:00:00,56.4,88.0
2020-04-07 16:00:00,55.1,86.9
2020-04-07 17:00:00,59.9,84.2
2020-04-07 18:00:00,65.0,81.8
2020-04-07 19:00:00,70.8,79.5
2020-04-07 20:00:00,74.4,78.1
2020-04-07 21:00:00,78.2,77.3
2020-04-07 22:00:00,80.1,76.6
2020-04-07 23:00:00,82.3,75.8
2020-04-08 00:00:00,85.1,74.8
2020-04-08 01:00:00,87.5,74.0
2020-04-08 02:00:00,87.6,74.0
2020-04-08 03:00:00,87.7,74.0
2020-04-08 04:00:00,87.2,73.3
2020-04-08 05:00:00,87.4,73.0
2020-04-08 06:00:00,86.6,74.0
2020-04-08 07:00:00,85.1,75.3
2020-04-08 08:00:00,77.2,79.1
2020-04-08 09:00:00,68.0,83.8
2020-04-08 10:00:00,60.2,86.8
2020-04-08 11:00:00,54.7,88.9
2020-04-08 12:00:00,42.8,91.7
2020-04-08 13:00:00,35.4,93.4
2020-04-08 14:00:00,36.1,94.2
2020-04-08 15:00:00,53.2,91.0
2020-04-08 16:00:00,56.2,88.2
2020-04-08 17:00:00,57.5,87.2
2020-04-08 18:00:00,63.0,85.5
2020-04-08 19:00:00,68.9,83.6
2020-04-08 20:00:00,71.3,82.2
2020-04-08 21:00:00,75.4,80.5
2020-04-08 22:00:00,76.8,79.9
2020-04-08 23:00:00,78.3,79.2
2020-04-09 00:00:00,80.7,77.7
2020-04-09 01:00:00,84.2,76.2
2020-04-09 02:00:00,86.6,75.3
2020-04-09 03:00:00,87.6,75.0
2020-04-09 04:00:00,87.2,74.2
2020-04-09 05:00:00,87.6,73.9
2020-04-09 06:00:00,88.3,73.4
2020-04-09 07:00:00,85.8,75.0
2020-04-09 08:00:00,80.5,77.9
2020-04-09 09:00:00,77.7,79.7
2020-04-09 10:00:00,70.0,83.8
2020-04-09 11:00:00,62.6,87.1
2020-04-09 12:00:00,54.8,91.1
2020-04-09 13:00:00,54.6,88.8
2020-04-09 14:00:00,77.6,72.3
2020-04-09 15:00:00,82.1,69.5
2020-04-09 16:00:00,71.9,72.1
2020-04-09 17:00:00,71.9,70.9
2020-04-09 18:00:00,79.0,69.0
2020-04-09 19:00:00,85.8,68.0
2020-04-09 20:00:00,84.6,67.0
2020-04-09 21:00:00,86.5,66.2
2020-04-09 22:00:00,86.7,66.2
2020-04-09 23:00:00,87.2,66.0
2020-04-10 00:00:00,87.5,65.0
2020-04-10 01:00:00,87.1,65.0
2020-04-10 02:00:00,88.0,64.7
2020-04-10 03:00:00,86.6,65.0
2020-04-10 04:00:00,85.0,65.0
2020-04-10 05:00:00,81.1,64.8
2020-04-10 06:00:00,79.9,64.0
2020-04-10 07:00:00,75.9,64.1
2020-04-10 08:00:00,68.8,65.1
2020-04-10 09:00:00,63.7,66.5
2020-04-10 10:00:00,60.7,67.9
2020-04-10 11:00:00,60.5,69.0
2020-04-10 12:00:00,59.6,70.7
2020-04-10 13:00:00,55.0,72.0
2020-04-10 14:00:00,53.6,73.2
2020-04-10 15:00:00,52.7,73.6
2020-04-10 16:00:00,53.0,73.6
2020-04-10 17:00:00,55.5,72.5
2020-04-10 18:00:00,60.2,70.3
2020-04-10 19:00:00,62.6,69.3
2020-04-10 20:00:00,65.3,68.0
2020-04-10 21:00:00,65.1,67.1
2020-04-10 22:00:00,65.4,66.3
2020-04-10 23:00:00,71.6,64.3
2020-04-11 00:00:00,76.0,62.7
2020-04-11 01:00:00,79.5,62.2
2020-04-11 02:00:00,80.7,62.1
2020-04-11 03:00:00,83.0,61.3
2020-04-11 04:00:00,77.2,62.5
2020-04-11 05:00:00,76.5,63.0
2020-04-11 06:00:00,76.4,63.0
2020-04-11 07:00:00,76.7,63.2
2020-04-11 08:00:00,76.3,64.3
2020-04-11 09:00:00,76.0,66.3
2020-04-11 10:00:00,74.7,69.6
2020-04-11 11:00:00,73.9,73.2
2020-04-11 12:00:00,74.6,74.5
2020-04-11 13:00:00,77.5,74.0
2020-04-11 14:00:00,84.1,73.8
2020-04-11 15:00:00,84.2,74.3
2020-04-11 16:00:00,84.6,74.5
2020-04-11 17:00:00,84.4,75.0
2020-04-11 18:00:00,83.0,75.6
2020-04-11 19:00:00,81.5,75.2
2020-04-11 20:00:00,82.9,74.6
2020-04-11 21:00:00,83.5,74.4
2020-04-11 22:00:00,84.6,74.0
2020-04-11 23:00:00,84.6,74.0
2020-04-12 00:00:00,84.6,74.0
2020-04-12 01:00:00,84.5,74.0
2020-04-12 02:00:00,84.6,74.0
2020-04-12 03:00:00,83.7,74.0
2020-04-12 04:00:00,84.6,74.0
2020-04-12 05:00:00,85.5,73.7
2020-04-12 06:00:00,89.3,72.5
2020-04-12 07:00:00,86.3,72.3
2020-04-12 08:00:00,78.9,71.6
2020-04-12 09:00:00,65.1,73.7
2020-04-12 10:00:00,47.4,77.8
2020-04-12 11:00:00,33.7,80.4
2020-04-12 12:00:00,26.6,83.5
2020-04-12 13:00:00,19.4,85.7
2020-04-12 14:00:00,14.9,86.2
2020-04-12 15:00:00,14.8,85.3
2020-04-12 16:00:00,14.8,84.6
2020-04-12 17:00:00,17.1,83.3
2020-04-12 18:00:00,20.8,79.7
2020-04-12 19:00:00,30.7,73.3
2020-04-12 20:00:00,42.1,68.5
2020-04-12 21:00:00,45.9,67.3
2020-04-12 22:00:00,50.9,67.0
2020-04-12 23:00:00,48.5,62.5
2020-04-13 00:00:00,50.3,58.2
2020-04-13 01:00:00,51.5,53.4
2020-04-13 02:00:00,54.6,50.5
2020-04-13 03:00:00,56.0,48.2
2020-04-13 04:00:00,55.3,46.4
2020-04-13 05:00:00,59.1,45.2
2020-04-13 06:00:00,58.0,45.0
2020-04-13 07:00:00,54.6,46.1
2020-04-13 08:00:00,49.2,49.0
2020-04-13 09:00:00,45.5,51.8
2020-04-13 10:00:00,42.7,54.9
2020-04-13 11:00:00,40.3,58.0
2020-04-13 12:00:00,39.0,60.2
2020-04-13 13:00:00,38.3,62.4
2020-04-13 14:00:00,38.3,63.8
2020-04-13 15:00:00,39.2,64.1
2020-04-13 16:00:00,40.6,63.7
2020-04-13 17:00:00,44.5,61.8
2020-04-13 18:00:00,50.2,58.6
2020-04-13 19:00:00,54.6,56.4
2020-04-13 20:00:00,57.1,55.0
2020-04-13 21:00:00,58.5,54.0
2020-04-13 22:00:00,58.9,53.0
2020-04-13 23:00:00,61.2,52.0
2020-04-14 00:00:00,63.0,51.1
2020-04-14 01:00:00,61.0,50.7
2020-04-14 02:00:00,61.6,49.8
2020-04-14 03:00:00,62.7,49.0
2020-04-14 04:00:00,61.7,48.3
2020-04-14 05:00:00,60.5,47.0
2020-04-14 06:00:00,58.7,46.8
2020-04-14 07:00:00,55.4,49.2
2020-04-14 08:00:00,54.1,52.0
2020-04-14 09:00:00,49.8,56.5
2020-04-14 10:00:00,46.8,59.1
2020-04-14 11:00:00,45.4,61.6
2020-04-14 12:00:00,43.9,63.4
2020-04-14 13:00:00,41.7,65.0
2020-04-14 14:00:00,41.0,65.0
2020-04-14 15:00:00,42.1,64.7
2020-04-14 16:00:00,44.8,62.4
2020-04-14 17:00:00,46.4,60.7
2020-04-14 18:00:00,48.1,58.8
2020-04-14 19:00:00,50.4,57.1
2020-04-14 20:00:00,54.1,55.6
2020-04-14 21:00:00,57.2,54.3
2020-04-14 22:00:00,58.3,53.3
2020-04-14 23:00:00,58.2,52.1
2020-04-15 00:00:00,58.5,51.0
2020-04-15 01:00:00,58.5,50.1
2020-04-15 02:00:00,61.3,48.9
2020-04-15 03:00:00,67.8,47.2
2020-04-15 04:00:00,70.6,45.4
2020-04-15 05:00:00,74.6,43.6
2020-04-15 06:00:00,73.5,44.0
2020-04-15 07:00:00,63.5,48.0
2020-04-15 08:00:00,54.8,52.3
2020-04-15 09:00:00,48.3,56.3
2020-04-15 10:00:00,45.1,59.0
2020-04-15 11:00:00,40.5,61.3
2020-04-15 12:00:00,36.9,64.0
2020-04-15 13:00:00,34.4,66.5
2020-04-15 14:00:00,32.4,68.0
2020-04-15 15:00:00,31.5,68.9
2020-04-15 16:00:00,30.3,68.7
2020-04-15 17:00:00,34.1,66.5
2020-04-15 18:00:00,38.0,64.1
2020-04-15 19:00:00,45.1,61.5
2020-04-15 20:00:00,51.2,59.6
2020-04-15 21:00:00,56.7,58.1
2020-04-15 22:00:00,59.8,56.9
2020-04-15 23:00:00,63.5,55.1
2020-04-16 00:00:00,63.1,54.4
2020-04-16 01:00:00,64.9,53.6
2020-04-16 02:00:00,66.7,52.9
2020-04-16 03:00:00,72.8,50.9
2020-04-16 04:00:00,75.1,49.8
2020-04-16 05:00:00,76.8,49.1
2020-04-16 06:00:00,79.4,49.6
2020-04-16 07:00:00,73.8,54.7
2020-04-16 08:00:00,59.9,61.5
2020-04-16 09:00:00,52.4,65.1
2020-04-16 10:00:00,46.2,70.0
2020-04-16 11:00:00,42.1,73.2
2020-04-16 12:00:00,38.8,75.4
2020-04-16 13:00:00,37.9,77.4
2020-04-16 14:00:00,37.7,78.2
2020-04-16 15:00:00,37.4,78.2
2020-04-16 16:00:00,40.2,76.5
2020-04-16 17:00:00,39.8,75.0
2020-04-16 18:00:00,39.6,73.0
2020-04-16 19:00:00,42.4,71.0
2020-04-16 20:00:00,49.8,69.2
2020-04-16 21:00:00,59.1,67.1
2020-04-16 22:00:00,68.2,65.5
2020-04-16 23:00:00,73.6,64.7
2020-04-17 00:00:00,76.9,64.5
2020-04-17 01:00:00,78.1,64.0
2020-04-17 02:00:00,78.3,64.0
2020-04-17 03:00:00,79.3,64.0
2020-04-17 04:00:00,82.5,63.2
2020-04-17 05:00:00,85.0,62.1
2020-04-17 06:00:00,84.2,63.5
2020-04-17 07:00:00,79.3,66.1
2020-04-17 08:00:00,74.4,69.8
2020-04-17 09:00:00,71.5,72.3
2020-04-17 10:00:00,72.9,72.1
2020-04-17 11:00:00,78.1,71.2
2020-04-17 12:00:00,83.1,71.0
2020-04-17 13:00:00,80.6,71.4
2020-04-17 14:00:00,84.8,68.5
2020-04-17 15:00:00,86.4,65.0
2020-04-17 16:00:00,85.5,59.8
2020-04-17 17:00:00,83.4,58.7
2020-04-17 18:00:00,80.8,57.3
2020-04-17 19:00:00,77.3,57.0
2020-04-17 20:00:00,75.8,57.0
2020-04-17 21:00:00,71.9,56.2
2020-04-17 22:00:00,68.8,56.2
2020-04-17 23:00:00,68.1,56.0
2020-04-18 00:00:00,65.2,56.0
2020-04-18 01:00:00,65.3,55.5
2020-04-18 02:00:00,67.0,55.1
2020-04-18 03:00:00,68.6,55.2
2020-04-18 04:00:00,69.1,55.0
2020-04-18 05:00:00,68.3,55.5
2020-04-18 06:00:00,67.8,56.0
2020-04-18 07:00:00,66.9,56.6
2020-04-18 08:00:00,64.6,57.3
2020-04-18 09:00:00,64.7,58.4
2020-04-18 10:00:00,62.1,60.1
2020-04-18 11:00:00,63.5,60.7
2020-04-18 12:00:00,64.8,61.0
2020-04-18 13:00:00,67.2,61.3
2020-04-18 14:00:00,68.7,61.5
2020-04-18 15:00:00,68.3,62.3
2020-04-18 16:00:00,72.5,61.7
2020-04-18 17:00:00,76.2,61.0
2020-04-18 18:00:00,78.0,61.0
2020-04-18 19:00:00,82.3,60.5
2020-04-18 20:00:00,84.3,60.5
2020-04-18 21:00:00,87.1,60.0
2020-04-18 22:00:00,89.9,60.0
2020-04-18 23:00:00,90.1,60.0
2020-04-19 00:00:00,92.8,60.0
2020-04-19 01:00:00,93.5,60.0
2020-04-19 02:00:00,92.9,60.2
2020-04-19 03:00:00,92.1,61.0
2020-04-19 04:00:00,93.5,61.0
2020-04-19 05:00:00,91.4,61.7
2020-04-19 06:00:00,92.9,61.3
2020-04-19 07:00:00,91.2,62.0
2020-04-19 08:00:00,92.6,62.8
2020-04-19 09:00:00,93.5,63.6
2020-04-19 10:00:00,92.8,66.6
2020-04-19 11:00:00,82.3,74.7
2020-04-19 12:00:00,59.2,83.6
2020-04-19 13:00:00,40.7,89.1
2020-04-19 14:00:00,28.4,91.2
2020-04-19 15:00:00,16.6,93.1
2020-04-19 16:00:00,13.0,91.6
2020-04-19 17:00:00,13.8,89.5
2020-04-19 18:00:00,14.7,85.2
2020-04-19 19:00:00,25.6,75.3
2020-04-19 20:00:00,26.7,73.2
2020-04-19 21:00:00,39.0,66.6
2020-04-19 22:00:00,30.8,70.2
2020-04-19 23:00:00,30.5,70.1
2020-04-20 00:00:00,41.0,67.2
2020-04-20 01:00:00,52.9,67.9
2020-04-20 02:00:00,66.9,65.2
2020-04-20 03:00:00,80.0,62.7
2020-04-20 04:00:00,87.2,63.8
2020-04-20 05:00:00,90.3,64.0
2020-04-20 06:00:00,89.0,64.0
2020-04-20 07:00:00,83.7,65.3
2020-04-20 08:00:00,75.4,69.0
2020-04-20 09:00:00,72.6,70.5
2020-04-20 10:00:00,67.5,73.3
2020-04-20 11:00:00,60.9,76.0
2020-04-20 12:00:00,53.6,79.5
2020-04-20 13:00:00,46.5,83.2
2020-04-20 14:00:00,42.1,85.0
2020-04-20 15:00:00,42.3,85.7
2020-04-20 16:00:00,42.8,86.0
2020-04-20 17:00:00,42.0,85.5
2020-04-20 18:00:00,55.3,82.5
2020-04-20 19:00:00,60.5,79.8
2020-04-20 20:00:00,68.2,77.2
2020-04-20 21:00:00,73.0,75.2
2020-04-20 22:00:00,77.4,73.5
2020-04-20 23:00:00,81.9,72.0
2020-04-21 00:00:00,85.0,70.7
2020-04-21 01:00:00,84.2,69.5
2020-04-21 02:00:00,85.6,67.6
2020-04-21 03:00:00,86.4,67.4
2020-04-21 04:00:00,84.1,68.0
2020-04-21 05:00:00,82.1,68.3
2020-04-21 06:00:00,81.4,68.8
2020-04-21 07:00:00,81.4,69.4
2020-04-21 08:00:00,79.4,71.0
2020-04-21 09:00:00,73.9,73.8
2020-04-21 10:00:00,66.3,76.9
2020-04-21 11:00:00,58.0,80.3
2020-04-21 12:00:00,49.5,83.8
2020-04-21 13:00:00,44.9,86.0
2020-04-21 14:00:00,45.6,85.5
2020-04-21 15:00:00,45.2,85.4
2020-04-21 16:00:00,46.1,84.9
2020-04-21 17:00:00,44.2,83.8
2020-04-21 18:00:00,34.7,81.7
2020-04-21 19:00:00,34.0,79.0
2020-04-21 20:00:00,33.7,76.9
2020-04-21 21:00:00,41.8,75.1
2020-04-21 22:00:00,53.1,73.3
2020-04-21 23:00:00,66.2,71.4
2020-04-22 00:00:00,76.4,71.0
2020-04-22 01:00:00,79.7,71.0
2020-04-22 02:00:00,81.5,71.0
2020-04-22 03:00:00,83.5,71.1
2020-04-22 04:00:00,82.8,72.0
2020-04-22 05:00:00,85.4,72.0
2020-04-22 06:00:00,88.5,72.0
2020-04-22 07:00:00,89.5,72.7
2020-04-22 08:00:00,91.0,73.2
2020-04-22 09:00:00,90.7,74.0
2020-04-22 10:00:00,90.7,74.6
2020-04-22 11:00:00,90.8,75.0
2020-04-22 12:00:00,90.9,76.3
2020-04-22 13:00:00,86.8,77.5
2020-04-22 14:00:00,84.1,78.6
2020-04-22 15:00:00,80.8,79.8
2020-04-22 16:00:00,79.1,80.3
2020-04-22 17:00:00,78.4,80.5
2020-04-22 18:00:00,84.0,78.3
2020-04-22 19:00:00,85.6,76.9
2020-04-22 20:00:00,87.8,76.0
2020-04-22 21:00:00,88.2,75.2
2020-04-22 22:00:00,89.4,73.3
2020-04-22 23:00:00,89.5,72.2
2020-04-23 00:00:00,88.8,69.8
2020-04-23 01:00:00,84.7,67.9
2020-04-23 02:00:00,77.6,66.0
2020-04-23 03:00:00,79.0,64.2
2020-04-23 04:00:00,81.9,62.1
2020-04-23 05:00:00,85.2,60.4
2020-04-23 06:00:00,82.1,61.2
2020-04-23 07:00:00,67.9,67.2
2020-04-23 08:00:00,59.1,72.4
2020-04-23 09:00:00,41.6,77.7
2020-04-23 10:00:00,32.5,81.5
2020-04-23 11:00:00,29.4,84.3
2020-04-23 12:00:00,26.4,86.3
2020-04-23 13:00:00,24.5,87.7
2020-04-23 14:00:00,24.6,89.0
2020-04-23 15:00:00,22.6,88.6
2020-04-23 16:00:00,24.1,88.2
2020-04-23 17:00:00,28.3,85.1
2020-04-23 18:00:00,32.4,81.6
2020-04-23 19:00:00,38.5,78.2
2020-04-23 20:00:00,41.5,75.9
2020-04-23 21:00:00,46.0,73.2
2020-04-23 22:00:00,49.6,71.1
2020-04-23 23:00:00,55.2,68.7
2020-04-24 00:00:00,61.8,65.8
2020-04-24 01:00:00,63.6,64.7
2020-04-24 02:00:00,67.1,63.1
2020-04-24 03:00:00,69.2,61.8
2020-04-24 04:00:00,67.2,61.6
2020-04-24 05:00:00,66.5,61.3
2020-04-24 06:00:00,64.1,63.0
2020-04-24 07:00:00,59.0,70.0
2020-04-24 08:00:00,50.6,77.0
2020-04-24 09:00:00,38.0,82.6
2020-04-24 10:00:00,29.2,86.7
2020-04-24 11:00:00,27.7,90.2
2020-04-24 12:00:00,28.0,93.1
2020-04-24 13:00:00,28.7,94.6
2020-04-24 14:00:00,25.8,96.2
2020-04-24 15:00:00,24.1,97.0
2020-04-24 16:00:00,22.9,97.1
2020-04-24 17:00:00,26.1,94.5
2020-04-24 18:00:00,28.7,92.6
2020-04-24 19:00:00,23.8,87.3
2020-04-24 20:00:00,27.3,83.3
2020-04-24 21:00:00,30.8,80.3
2020-04-24 22:00:00,34.2,77.3
2020-04-24 23:00:00,41.9,72.3
2020-04-25 00:00:00,48.3,70.1
2020-04-25 01:00:00,50.0,68.8
2020-04-25 02:00:00,42.2,70.2
2020-04-25 03:00:00,49.1,66.7
2020-04-25 04:00:00,48.0,66.2
2020-04-25 05:00:00,50.7,64.6
2020-04-25 06:00:00,50.1,64.2
2020-04-25 07:00:00,46.4,66.1
2020-04-25 08:00:00,42.3,68.9
2020-04-25 09:00:00,38.3,71.0
2020-04-25 10:00:00,34.7,74.1
2020-04-25 11:00:00,32.2,76.8
2020-04-25 12:00:00,30.8,78.5
2020-04-25 13:00:00,30.4,78.8
2020-04-25 14:00:00,28.8,79.3
2020-04-25 15:00:00,28.7,79.6
2020-04-25 16:00:00,28.4,78.7
2020-04-25 17:00:00,31.7,76.4
2020-04-25 18:00:00,35.8,74.1
2020-04-25 19:00:00,36.4,72.0
2020-04-25 20:00:00,41.3,69.3
2020-04-25 21:00:00,48.9,66.3
2020-04-25 22:00:00,54.9,64.5
2020-04-25 23:00:00,59.0,62.6
2020-04-26 00:00:00,66.3,59.5
2020-04-26 01:00:00,66.1,59.6
2020-04-26 02:00:00,67.2,59.5
2020-04-26 03:00:00,75.2,56.8
2020-04-26 04:00:00,79.3,56.6
2020-04-26 05:00:00,79.2,57.0
2020-04-26 06:00:00,73.8,58.2
2020-04-26 07:00:00,60.9,63.3
2020-04-26 08:00:00,50.4,69.8
2020-04-26 09:00:00,39.3,74.7
2020-04-26 10:00:00,31.7,78.1
2020-04-26 11:00:00,29.7,80.3
2020-04-26 12:00:00,28.3,81.7
2020-04-26 13:00:00,27.2,83.8
2020-04-26 14:00:00,25.5,85.0
2020-04-26 15:00:00,25.6,85.8
2020-04-26 16:00:00,26.3,85.6
2020-04-26 17:00:00,27.9,83.5
2020-04-26 18:00:00,30.7,80.7
2020-04-26 19:00:00,34.8,77.9
2020-04-26 20:00:00,38.8,75.7
2020-04-26 21:00:00,43.0,73.5
2020-04-26 22:00:00,50.8,72.0
2020-04-26 23:00:00,62.7,68.8
2020-04-27 00:00:00,69.6,67.0
2020-04-27 01:00:00,73.3,65.8
2020-04-27 02:00:00,78.1,64.2
2020-04-27 03:00:00,81.1,64.0
2020-04-27 04:00:00,82.8,63.3
2020-04-27 05:00:00,85.0,61.8
2020-04-27 06:00:00,85.8,62.1
2020-04-27 07:00:00,81.3,66.0
2020-04-27 08:00:00,70.8,71.8
2020-04-27 09:00:00,59.7,77.0
2020-04-27 10:00:00,49.3,80.6
2020-04-27 11:00:00,41.3,84.3
2020-04-27 12:00:00,37.3,86.8
2020-04-27 13:00:00,39.0,87.2
2020-04-27 14:00:00,38.0,88.8
2020-04-27 15:00:00,37.0,89.1
2020-04-27 16:00:00,39.4,87.5
2020-04-27 17:00:00,44.4,84.8
2020-04-27 18:00:00,46.2,81.3
2020-04-27 19:00:00,45.9,79.0
2020-04-27 20:00:00,55.5,77.0
2020-04-27 21:00:00,64.4,76.0
2020-04-27 22:00:00,69.3,76.0
2020-04-27 23:00:00,74.0,75.1
2020-04-28 00:00:00,76.4,75.0
2020-04-28 01:00:00,78.9,75.0
2020-04-28 02:00:00,78.3,75.0
2020-04-28 03:00:00,,
2020-04-28 04:00:00,,
2020-04-28 05:00:00,,
2020-04-28 06:00:00,,
2020-04-28 07:00:00,,
2020-04-28 08:00:00,,
2020-04-28 09:00:00,,
2020-04-28 10:00:00,,
2020-04-28 11:00:00,,
2020-04-28 12:00:00,,
2020-04-28 13:00:00,,
2020-04-28 14:00:00,,
2020-04-28 15:00:00,,
2020-04-28 16:00:00,,
2020-04-28 17:00:00,,
2020-04-28 18:00:00,,
2020-04-28 19:00:00,,
2020-04-28 20:00:00,,
2020-04-28 21:00:00,,
2020-04-28 22:00:00,,
2020-04-28 23:00:00,,
